"region";"varuslag";"2001";"2002";"2003";"2004";"2005";"2006";"2007";"2008";"2009";"2010";"2011";"2012";"2013";"2014";"2015";"2016";"2017"
"01 Stockholms l�n";"motorbensin";909.7;909.0;914.7;960.3;917.5;941.4;928.8;854.3;790.7;832.2;755.3;605.5;583.7;559.1;548.5;511.4;487.7
"01 Stockholms l�n";"dieselbr�nsle";417.5;446.6;470.5;493.5;504.0;508.1;568.7;625.1;609.8;625.7;755.3;651.3;686.0;693.3;747.4;798.3;785.2
"01 Stockholms l�n";"etanol";..;..;..;..;..;..;..;..;..;..;78.7;65.1;73.3;55.2;39.0;26.3;19.3
"01 Stockholms l�n";"E85";..;..;..;..;..;..;..;56.8;46.0;44.8;..;..;..;..;..;..;..
"01 Stockholms l�n";"FAME";..;..;..;..;..;..;..;..;..;..;..;..;..;..;..;21.2;31.6
"01 Stockholms l�n";"HVO";..;..;..;..;..;..;..;..;..;..;..;..;..;..;..;27.7;71.9
"01 Stockholms l�n";"eldningsolja nr 1";462.1;487.5;533.8;314.3;251.6;251.8;214.3;154.6;151.4;222.3;143.8;109.3;105.4;144.3;154.6;130.0;86.2
"01 Stockholms l�n";"eldningsolja nr 1 d�rav ej SNI 05-33, 35";426.1;394.6;367.5;275.7;223.9;227.0;191.5;128.6;131.6;135.6;100.9;96.3;91.6;131.5;143.2;102.1;76.6
"01 Stockholms l�n";"eldningsolja nr 2 inkl. WRD";..;..;..;..;..;..;..;10.9;24.2;36.0;73.0;36.3;11.9;5.9;2.6;0.0;..
"01 Stockholms l�n";"eldningsolja nr 2 inkl. WRD d�rav ej SNI 05-33, 35";..;..;..;..;..;..;..;3.1;11.2;22.3;62.9;27.7;2.1;1.5;0.0;0.0;..
"01 Stockholms l�n";"Eldningsolja nr 2-5";292.3;273.7;422.8;147.9;164.8;154.5;198.7;..;..;..;..;..;..;..;..;0.0;..
"01 Stockholms l�n";"Eldningsolja nr 2-5 d�rav ej SNI 05-33,35";47.8;36.4;42.9;35.7;48.6;45.7;44.8;..;..;..;..;..;..;..;..;0.0;..
"01 Stockholms l�n";"eldningsolja nr 3-6 ";..;..;..;..;..;..;..;165.0;237.5;216.0;152.2;79.5;101.7;..;..;40.7;..
"01 Stockholms l�n";"eldningsolja nr 3-6 d�rav ej SNI 05-33, 35";..;..;..;..;..;..;..;59.6;44.8;43.6;46.7;35.3;43.4;39.3;16.5;18.5;..
"03 Uppsala l�n";"motorbensin";185.3;183.3;182.9;190.3;188.7;187.6;173.9;159.8;160.8;158.7;145.6;134.6;127.3;123.5;119.9;120.9;115.3
"03 Uppsala l�n";"dieselbr�nsle";81.9;94.1;106.5;110.9;115.6;121.2;126.6;130.1;143.4;164.8;169.9;163.3;164.2;174.9;186.0;197.0;200.2
"03 Uppsala l�n";"etanol";..;..;..;..;..;..;..;..;..;..;6.7;6.2;4.2;4.0;2.4;1.4;1.3
"03 Uppsala l�n";"E85";..;..;..;..;..;..;..;6.9;5.7;6.7;..;..;..;..;..;..;..
"03 Uppsala l�n";"FAME";..;..;..;..;..;..;..;..;..;..;..;..;..;..;..;1.5;..
"03 Uppsala l�n";"HVO";..;..;..;..;..;..;..;..;..;..;..;..;..;..;..;3.5;14.5
"03 Uppsala l�n";"eldningsolja nr 1";44.8;48.6;44.1;38.5;30.4;26.2;31.7;22.7;23.0;28.5;18.3;12.6;10.2;9.0;10.6;11.5;13.3
"03 Uppsala l�n";"eldningsolja nr 1 d�rav ej SNI 05-33, 35";43.1;46.7;41.3;35.9;26.4;22.8;23.8;17.8;19.2;19.2;12.6;8.3;6.0;5.2;4.5;4.4;6.2
"03 Uppsala l�n";"eldningsolja nr 2 inkl. WRD";..;..;..;..;..;..;..;1.2;7.8;10.8;15.4;17.1;6.1;6.8;..;0.0;..
"03 Uppsala l�n";"eldningsolja nr 2 inkl. WRD d�rav ej SNI 05-33, 35";..;..;..;..;..;..;..;0.5;0.7;0.6;0.0;0.0;0.0;..;..;0.0;..
"03 Uppsala l�n";"Eldningsolja nr 2-5";16.6;22.9;59.1;42.3;33.9;32.0;32.7;..;..;..;..;..;..;..;..;0.0;..
"03 Uppsala l�n";"Eldningsolja nr 2-5 d�rav ej SNI 05-33,35";0.1;0.1;0.4;2.1;3.7;4.0;0.0;..;..;..;..;..;..;..;..;0.0;..
"03 Uppsala l�n";"eldningsolja nr 3-6 ";..;..;..;..;..;..;..;20.4;9.8;15.2;17.0;12.8;7.9;4.7;2.0;0.0;..
"03 Uppsala l�n";"eldningsolja nr 3-6 d�rav ej SNI 05-33, 35";..;..;..;..;..;..;..;0.5;1.7;2.0;0.0;0.0;0.0;..;..;0.0;..
"04 S�dermanlands l�n";"motorbensin";172.4;168.7;173.1;178.6;175.2;172.6;162.5;154.4;153.6;142.8;131.7;127.7;122.9;115.7;115.4;110.9;105.5
"04 S�dermanlands l�n";"dieselbr�nsle";87.0;90.8;96.2;99.1;96.3;95.2;108.9;127.9;121.6;132.3;134.5;138.4;145.3;148.9;161.1;160.9;163.2
"04 S�dermanlands l�n";"etanol";..;..;..;..;..;..;..;..;..;..;4.9;6.1;4.1;3.8;2.4;1.3;1.1
"04 S�dermanlands l�n";"E85";..;..;..;..;..;..;..;6.9;5.9;6.5;..;..;..;..;..;..;..
"04 S�dermanlands l�n";"FAME";..;..;..;..;..;..;..;..;..;..;..;..;..;..;..;6.1;7.2
"04 S�dermanlands l�n";"HVO";..;..;..;..;..;..;..;..;..;..;..;..;..;..;..;2.6;9.6
"04 S�dermanlands l�n";"eldningsolja nr 1";67.5;65.7;63.2;48.7;38.9;34.3;31.3;29.1;25.0;25.1;18.7;22.5;19.9;17.9;18.5;12.2;13.5
"04 S�dermanlands l�n";"eldningsolja nr 1 d�rav ej SNI 05-33, 35";55.7;53.0;44.2;34.9;27.0;23.6;20.7;23.0;20.7;20.3;12.7;11.1;9.7;8.8;9.2;9.0;7.1
"04 S�dermanlands l�n";"eldningsolja nr 2 inkl. WRD";..;..;..;..;..;..;..;7.2;3.7;2.3;1.7;2.2;1.2;0.3;..;0.0;..
"04 S�dermanlands l�n";"eldningsolja nr 2 inkl. WRD d�rav ej SNI 05-33, 35";..;..;..;..;..;..;..;0.2;0.3;0.3;0.0;0.0;0.0;..;..;0.0;..
"04 S�dermanlands l�n";"Eldningsolja nr 2-5";36.4;20.6;37.2;25.1;27.7;26.6;22.6;..;..;..;..;..;..;..;..;0.0;..
"04 S�dermanlands l�n";"Eldningsolja nr 2-5 d�rav ej SNI 05-33,35";2.4;3.8;2.5;1.6;0.7;0.7;0.0;..;..;..;..;..;..;..;..;0.0;..
"04 S�dermanlands l�n";"eldningsolja nr 3-6 ";..;..;..;..;..;..;..;18.3;6.8;8.9;8.8;0.0;0.0;..;13.2;1.8;..
"04 S�dermanlands l�n";"eldningsolja nr 3-6 d�rav ej SNI 05-33, 35";..;..;..;..;..;..;..;0.2;0.7;0.9;0.1;0.0;0.0;..;..;0.0;..
"05 �sterg�tlands l�n";"motorbensin";229.5;231.4;236.8;240.8;254.6;256.1;227.9;210.9;222.3;204.0;188.6;180.8;171.3;164.4;160.2;157.7;154.3
"05 �sterg�tlands l�n";"dieselbr�nsle";129.5;137.5;155.6;165.3;161.0;173.4;189.1;198.9;206.0;243.8;243.7;245.0;256.1;269.8;278.0;291.8;294.2
"05 �sterg�tlands l�n";"etanol";..;..;..;..;..;..;..;..;..;..;7.3;9.3;7.4;6.8;3.6;2.0;1.8
"05 �sterg�tlands l�n";"E85";..;..;..;..;..;..;..;7.6;8.1;10.1;..;..;..;..;..;..;..
"05 �sterg�tlands l�n";"FAME";..;..;..;..;..;..;..;..;..;..;..;..;..;..;..;0.2;..
"05 �sterg�tlands l�n";"HVO";..;..;..;..;..;..;..;..;..;..;..;..;..;..;..;29.1;53.3
"05 �sterg�tlands l�n";"eldningsolja nr 1";89.2;115.7;121.6;93.2;67.5;58.4;40.6;32.7;31.5;49.6;42.1;36.5;33.2;29.7;44.0;48.7;..
"05 �sterg�tlands l�n";"eldningsolja nr 1 d�rav ej SNI 05-33, 35";74.7;87.2;65.8;64.3;50.9;43.9;31.5;25.6;26.3;38.2;28.7;23.7;23.3;21.2;20.4;17.2;..
"05 �sterg�tlands l�n";"eldningsolja nr 2 inkl. WRD";..;..;..;..;..;..;..;21.1;14.7;21.1;13.8;15.3;17.3;13.6;2.1;0.9;..
"05 �sterg�tlands l�n";"eldningsolja nr 2 inkl. WRD d�rav ej SNI 05-33, 35";..;..;..;..;..;..;..;7.5;1.0;0.9;0.3;0.5;0.2;0.1;..;0.0;..
"05 �sterg�tlands l�n";"Eldningsolja nr 2-5";127.6;65.1;148.3;86.6;73.6;129.4;58.9;..;..;..;..;..;..;..;..;0.0;..
"05 �sterg�tlands l�n";"Eldningsolja nr 2-5 d�rav ej SNI 05-33,35";7.6;1.4;1.9;2.0;0.6;0.5;0.1;..;..;..;..;..;..;..;..;0.0;..
"05 �sterg�tlands l�n";"eldningsolja nr 3-6 ";..;..;..;..;..;..;..;14.0;30.6;63.7;73.2;21.4;32.6;0.4;0.4;0.3;..
"05 �sterg�tlands l�n";"eldningsolja nr 3-6 d�rav ej SNI 05-33, 35";..;..;..;..;..;..;..;4.7;5.4;7.3;0.1;0.0;0.0;..;..;0.0;..
"06 J�nk�pings l�n";"motorbensin";215.2;216.9;224.5;217.0;224.5;213.5;217.0;201.2;200.6;183.8;175.3;163.1;150.2;148.7;144.7;140.4;134.3
"06 J�nk�pings l�n";"dieselbr�nsle";155.6;158.9;159.4;167.1;179.9;184.2;198.0;201.6;209.5;239.3;243.4;240.1;251.6;251.8;264.1;272.9;256.0
"06 J�nk�pings l�n";"etanol";..;..;..;..;..;..;..;..;..;..;5.9;7.5;5.2;5.1;4.0;1.5;1.4
"06 J�nk�pings l�n";"E85";..;..;..;..;..;..;..;8.3;6.6;7.8;..;..;..;..;..;..;..
"06 J�nk�pings l�n";"FAME";..;..;..;..;..;..;..;..;..;..;..;..;..;..;..;2.7;1.8
"06 J�nk�pings l�n";"HVO";..;..;..;..;..;..;..;..;..;..;..;..;..;..;..;11.3;35.2
"06 J�nk�pings l�n";"eldningsolja nr 1";105.3;96.8;96.5;72.5;64.4;58.9;50.6;33.7;45.6;54.2;32.2;27.0;24.7;18.2;21.3;25.2;..
"06 J�nk�pings l�n";"eldningsolja nr 1 d�rav ej SNI 05-33, 35";87.1;79.7;76.0;55.5;47.1;43.1;43.2;26.3;36.5;46.8;24.3;19.1;18.6;13.4;13.7;16.4;..
"06 J�nk�pings l�n";"eldningsolja nr 2 inkl. WRD";..;..;..;..;..;..;..;3.2;3.4;4.4;3.5;3.4;2.8;2.6;..;0.0;..
"06 J�nk�pings l�n";"eldningsolja nr 2 inkl. WRD d�rav ej SNI 05-33, 35";..;..;..;..;..;..;..;0.6;0.3;0.2;0.3;0.6;0.1;..;..;0.0;..
"06 J�nk�pings l�n";"Eldningsolja nr 2-5";17.1;14.4;15.2;13.3;16.3;16.4;7.9;..;..;..;..;..;..;..;..;0.0;..
"06 J�nk�pings l�n";"Eldningsolja nr 2-5 d�rav ej SNI 05-33,35";4.2;1.8;1.5;1.8;8.4;8.7;4.3;..;..;..;..;..;..;..;..;0.0;..
"06 J�nk�pings l�n";"eldningsolja nr 3-6 ";..;..;..;..;..;..;..;1.6;1.5;3.2;0.5;0.3;0.2;0.1;0.6;0.2;..
"06 J�nk�pings l�n";"eldningsolja nr 3-6 d�rav ej SNI 05-33, 35";..;..;..;..;..;..;..;1.1;1.3;1.1;0.1;0.0;0.0;..;..;0.0;..
"07 Kronobergs l�n";"motorbensin";120.5;123.4;126.7;122.2;125.9;109.7;112.1;106.5;102.2;105.6;97.9;86.1;81.1;75.6;74.2;71.8;70.5
"07 Kronobergs l�n";"dieselbr�nsle";104.7;108.6;110.2;113.0;137.4;138.4;100.1;112.0;122.5;127.5;109.5;102.6;103.0;103.3;111.8;113.5;117.1
"07 Kronobergs l�n";"etanol";..;..;..;..;..;..;..;..;..;..;3.5;4.8;3.2;3.2;2.4;1.0;0.9
"07 Kronobergs l�n";"E85";..;..;..;..;..;..;..;4.6;3.4;4.4;..;..;..;..;..;..;..
"07 Kronobergs l�n";"FAME";..;..;..;..;..;..;..;..;..;..;..;..;..;..;..;1.7;..
"07 Kronobergs l�n";"HVO";..;..;..;..;..;..;..;..;..;..;..;..;..;..;..;10.7;14.9
"07 Kronobergs l�n";"eldningsolja nr 1";42.2;43.9;36.6;29.9;30.8;29.0;24.9;18.2;22.3;29.4;10.8;9.9;7.9;3.9;2.2;3.6;3.4
"07 Kronobergs l�n";"eldningsolja nr 1 d�rav ej SNI 05-33, 35";35.3;35.9;26.7;19.3;19.5;18.6;18.1;12.0;15.8;23.7;5.8;5.0;4.5;2.9;1.4;2.0;1.8
"07 Kronobergs l�n";"eldningsolja nr 2 inkl. WRD";..;..;..;..;..;..;..;1.1;3.2;4.5;1.4;1.4;0.0;..;..;0.0;..
"07 Kronobergs l�n";"eldningsolja nr 2 inkl. WRD d�rav ej SNI 05-33, 35";..;..;..;..;..;..;..;0.5;0.7;0.6;0.1;0.3;0.0;..;..;0.0;..
"07 Kronobergs l�n";"Eldningsolja nr 2-5";0.9;1.3;2.7;3.0;3.0;2.7;5.3;..;..;..;..;..;..;..;..;0.0;..
"07 Kronobergs l�n";"Eldningsolja nr 2-5 d�rav ej SNI 05-33,35";0.6;0.5;0.0;0.0;1.1;1.0;0.8;..;..;..;..;..;..;..;..;0.0;..
"07 Kronobergs l�n";"eldningsolja nr 3-6 ";..;..;..;..;..;..;..;1.3;3.6;5.5;0.2;0.0;0.0;..;..;0.0;..
"07 Kronobergs l�n";"eldningsolja nr 3-6 d�rav ej SNI 05-33, 35";..;..;..;..;..;..;..;0.5;1.7;2.0;0.0;0.0;0.0;..;..;0.0;..
"08 Kalmar l�n";"motorbensin";158.5;160.1;159.3;157.9;157.1;147.8;145.9;135.3;137.2;131.3;122.2;118.6;110.4;103.0;101.8;100.0;95.9
"08 Kalmar l�n";"dieselbr�nsle";104.4;108.1;117.3;126.4;135.1;149.8;155.3;172.2;168.5;192.9;183.0;181.4;183.3;184.5;191.7;190.6;183.8
"08 Kalmar l�n";"etanol";..;..;..;..;..;..;..;..;..;..;3.5;5.0;3.8;3.4;2.1;1.1;1.1
"08 Kalmar l�n";"E85";..;..;..;..;..;..;..;4.3;3.8;4.7;..;..;..;..;..;..;..
"08 Kalmar l�n";"FAME";..;..;..;..;..;..;..;..;..;..;..;..;..;..;..;0.5;..
"08 Kalmar l�n";"HVO";..;..;..;..;..;..;..;..;..;..;..;..;..;..;..;10.9;17.4
"08 Kalmar l�n";"eldningsolja nr 1";82.0;90.0;91.2;84.4;75.8;66.8;51.8;45.6;42.5;56.0;45.8;38.9;36.9;32.4;47.8;45.2;31.6
"08 Kalmar l�n";"eldningsolja nr 1 d�rav ej SNI 05-33, 35";65.1;68.0;64.2;60.5;51.3;45.4;35.9;32.6;28.0;36.8;33.1;27.9;28.1;22.3;29.5;34.0;22.5
"08 Kalmar l�n";"eldningsolja nr 2 inkl. WRD";..;..;..;..;..;..;..;37.1;30.6;30.6;39.3;41.0;30.6;20.8;1.6;1.7;..
"08 Kalmar l�n";"eldningsolja nr 2 inkl. WRD d�rav ej SNI 05-33, 35";..;..;..;..;..;..;..;9.3;10.7;9.8;7.6;8.0;5.6;5.3;0.0;0.0;..
"08 Kalmar l�n";"Eldningsolja nr 2-5";45.2;40.1;51.9;48.3;43.3;54.0;47.3;..;..;..;..;..;..;..;..;0.0;..
"08 Kalmar l�n";"Eldningsolja nr 2-5 d�rav ej SNI 05-33,35";0.9;4.6;1.4;1.3;3.7;3.8;3.8;..;..;..;..;..;..;..;..;0.0;..
"08 Kalmar l�n";"eldningsolja nr 3-6 ";..;..;..;..;..;..;..;11.0;13.9;17.3;19.1;4.0;1.2;0.5;0.0;0.0;..
"08 Kalmar l�n";"eldningsolja nr 3-6 d�rav ej SNI 05-33, 35";..;..;..;..;..;..;..;1.4;5.2;6.0;0.0;0.0;0.0;..;..;0.0;..
"09 Gotlands l�n";"motorbensin";39.2;40.6;40.6;39.2;38.1;42.7;42.6;42.4;42.3;26.8;31.5;29.6;28.1;26.9;28.1;27.4;25.2
"09 Gotlands l�n";"dieselbr�nsle";34.7;33.9;38.0;37.9;34.8;33.8;28.0;39.6;44.6;35.7;42.8;35.0;35.0;36.8;38.3;38.6;39.2
"09 Gotlands l�n";"etanol";..;..;..;..;..;..;..;..;..;..;0.4;0.7;0.5;0.5;0.4;0.2;0.2
"09 Gotlands l�n";"E85";..;..;..;..;..;..;..;1.1;0.7;0.4;..;..;..;..;..;..;..
"09 Gotlands l�n";"FAME";..;..;..;..;..;..;..;..;..;..;..;..;..;..;..;0.0;..
"09 Gotlands l�n";"HVO";..;..;..;..;..;..;..;..;..;..;..;..;..;..;..;0.0;..
"09 Gotlands l�n";"eldningsolja nr 1";26.7;27.0;24.2;20.3;17.5;15.5;11.1;10.0;9.6;9.5;10.4;13.7;13.9;12.2;12.0;8.7;10.8
"09 Gotlands l�n";"eldningsolja nr 1 d�rav ej SNI 05-33, 35";25.8;26.1;22.4;18.6;13.1;11.7;9.4;9.1;9.1;8.3;8.0;11.2;11.8;10.9;11.0;8.3;9.7
"09 Gotlands l�n";"eldningsolja nr 2 inkl. WRD";..;..;..;..;..;..;..;0.0;0.0;5.8;13.1;11.0;8.2;13.8;13.4;15.8;..
"09 Gotlands l�n";"eldningsolja nr 2 inkl. WRD d�rav ej SNI 05-33, 35";..;..;..;..;..;..;..;0.0;0.0;0.0;1.8;0.0;0.0;1.1;0.0;0.0;..
"09 Gotlands l�n";"Eldningsolja nr 2-5";15.1;14.0;30.6;11.3;10.9;18.7;18.8;..;..;..;..;..;..;..;..;0.0;..
"09 Gotlands l�n";"Eldningsolja nr 2-5 d�rav ej SNI 05-33,35";2.3;0.9;2.0;0.7;0.7;0.0;0.1;..;..;..;..;..;..;..;..;0.0;..
"09 Gotlands l�n";"eldningsolja nr 3-6 ";..;..;..;..;..;..;..;23.0;18.9;9.4;13.4;42.6;41.8;34.8;..;0.0;..
"09 Gotlands l�n";"eldningsolja nr 3-6 d�rav ej SNI 05-33, 35";..;..;..;..;..;..;..;0.0;0.0;0.0;13.1;42.3;41.3;34.1;..;0.0;..
"10 Blekinge l�n";"motorbensin";97.9;98.6;102.5;101.1;98.9;94.0;95.5;88.6;88.8;83.3;80.4;71.7;67.7;68.8;70.9;68.6;64.1
"10 Blekinge l�n";"dieselbr�nsle";40.6;43.0;47.1;47.5;56.6;59.7;68.0;74.3;74.3;83.4;107.4;99.8;91.8;94.5;95.6;95.0;90.0
"10 Blekinge l�n";"etanol";..;..;..;..;..;..;..;..;..;..;2.8;3.8;2.8;2.8;1.9;1.0;0.8
"10 Blekinge l�n";"E85";..;..;..;..;..;..;..;2.8;2.6;3.5;..;..;..;..;..;..;..
"10 Blekinge l�n";"FAME";..;..;..;..;..;..;..;..;..;..;..;..;..;..;..;1.2;..
"10 Blekinge l�n";"HVO";..;..;..;..;..;..;..;..;..;..;..;..;..;..;..;3.2;5.9
"10 Blekinge l�n";"eldningsolja nr 1";59.3;62.9;80.0;49.7;40.8;35.7;40.5;31.0;29.8;38.0;32.3;25.8;23.5;19.1;15.0;40.9;..
"10 Blekinge l�n";"eldningsolja nr 1 d�rav ej SNI 05-33, 35";52.5;55.0;50.9;36.3;26.5;23.3;26.9;23.3;25.7;32.8;28.8;23.4;20.9;17.9;14.0;30.9;11.7
"10 Blekinge l�n";"eldningsolja nr 2 inkl. WRD";..;..;..;..;..;..;..;0.3;0.3;0.6;0.0;0.0;0.4;1.2;..;0.0;..
"10 Blekinge l�n";"eldningsolja nr 2 inkl. WRD d�rav ej SNI 05-33, 35";..;..;..;..;..;..;..;0.1;0.2;0.2;0.0;0.0;0.0;..;..;0.0;..
"10 Blekinge l�n";"Eldningsolja nr 2-5";59.8;201.0;151.9;44.8;35.2;93.8;18.3;..;..;..;..;..;..;..;..;0.0;..
"10 Blekinge l�n";"Eldningsolja nr 2-5 d�rav ej SNI 05-33,35";10.5;0.4;0.7;0.9;0.9;0.8;0.7;..;..;..;..;..;..;..;..;0.0;..
"10 Blekinge l�n";"eldningsolja nr 3-6 ";..;..;..;..;..;..;..;60.1;1.0;6.3;4.3;16.6;14.6;6.6;5.4;1.7;..
"10 Blekinge l�n";"eldningsolja nr 3-6 d�rav ej SNI 05-33, 35";..;..;..;..;..;..;..;0.3;0.6;0.7;0.2;0.0;0.0;..;0.0;0.0;..
"12 Sk�ne l�n";"motorbensin";668.1;675.1;680.9;686.5;691.2;652.1;673.5;640.4;640.3;577.6;540.0;509.5;482.5;467.4;465.6;447.8;430.1
"12 Sk�ne l�n";"dieselbr�nsle";459.0;474.7;490.1;505.6;470.5;453.8;523.8;543.0;528.2;540.5;583.8;586.9;592.0;607.7;658.6;627.3;619.9
"12 Sk�ne l�n";"etanol";..;..;..;..;..;..;..;..;..;..;19.4;20.6;14.7;14.3;9.4;4.3;3.9
"12 Sk�ne l�n";"E85";..;..;..;..;..;..;..;21.1;15.8;19.8;..;..;..;..;..;..;..
"12 Sk�ne l�n";"FAME";..;..;..;..;..;..;..;..;..;..;..;..;..;..;..;6.6;..
"12 Sk�ne l�n";"HVO";..;..;..;..;..;..;..;..;..;..;..;..;..;..;..;22.5;64.6
"12 Sk�ne l�n";"eldningsolja nr 1";370.8;329.3;294.6;238.9;194.2;174.1;127.3;99.1;97.9;98.9;80.5;69.6;66.6;54.7;58.3;39.7;42.7
"12 Sk�ne l�n";"eldningsolja nr 1 d�rav ej SNI 05-33, 35";327.1;288.5;252.8;197.1;156.1;139.8;103.1;79.3;77.8;84.5;69.4;58.6;57.9;48.9;50.6;32.5;36.2
"12 Sk�ne l�n";"eldningsolja nr 2 inkl. WRD";..;..;..;..;..;..;..;12.5;16.8;23.5;16.3;5.8;4.3;3.6;..;0.0;..
"12 Sk�ne l�n";"eldningsolja nr 2 inkl. WRD d�rav ej SNI 05-33, 35";..;..;..;..;..;..;..;4.4;5.9;4.3;7.3;0.1;0.0;0.1;..;0.0;..
"12 Sk�ne l�n";"Eldningsolja nr 2-5";111.7;84.5;84.3;47.1;65.9;83.9;30.4;..;..;..;..;..;..;..;..;0.0;..
"12 Sk�ne l�n";"Eldningsolja nr 2-5 d�rav ej SNI 05-33,35";12.0;7.0;9.7;9.0;7.1;5.8;3.3;..;..;..;..;..;..;..;..;0.0;..
"12 Sk�ne l�n";"eldningsolja nr 3-6 ";..;..;..;..;..;..;..;19.3;35.5;31.9;7.2;8.4;13.2;4.2;1.0;0.0;..
"12 Sk�ne l�n";"eldningsolja nr 3-6 d�rav ej SNI 05-33, 35";..;..;..;..;..;..;..;3.3;11.7;13.6;0.1;0.0;0.0;0.0;..;0.0;..
"13 Hallands l�n";"motorbensin";209.6;208.9;211.2;208.8;204.0;189.9;198.1;183.3;173.5;162.1;149.6;143.9;134.9;129.5;127.8;126.0;122.4
"13 Hallands l�n";"dieselbr�nsle";127.3;128.8;137.0;146.3;176.4;183.8;164.8;180.4;184.4;184.5;177.0;199.4;200.7;192.4;233.7;211.0;212.5
"13 Hallands l�n";"etanol";..;..;..;..;..;..;..;..;..;..;7.4;6.3;4.1;4.3;2.9;1.5;1.3
"13 Hallands l�n";"E85";..;..;..;..;..;..;..;7.3;6.0;7.2;..;..;..;..;..;..;..
"13 Hallands l�n";"FAME";..;..;..;..;..;..;..;..;..;..;..;..;..;..;..;2.7;4.9
"13 Hallands l�n";"HVO";..;..;..;..;..;..;..;..;..;..;..;..;..;..;..;12.9;25.1
"13 Hallands l�n";"eldningsolja nr 1";93.2;84.8;76.4;60.3;49.8;45.5;38.6;33.1;29.9;34.0;25.6;22.8;20.8;13.7;11.2;6.8;4.2
"13 Hallands l�n";"eldningsolja nr 1 d�rav ej SNI 05-33, 35";83.7;76.2;66.1;52.0;42.4;39.0;33.9;27.7;23.6;28.1;22.5;19.4;17.8;11.3;9.1;4.2;3.3
"13 Hallands l�n";"eldningsolja nr 2 inkl. WRD";..;..;..;..;..;..;..;3.6;4.2;7.6;1.1;0.7;0.3;6.7;..;0.0;..
"13 Hallands l�n";"eldningsolja nr 2 inkl. WRD d�rav ej SNI 05-33, 35";..;..;..;..;..;..;..;1.6;2.2;1.9;0.1;0.1;0.1;0.0;..;0.0;..
"13 Hallands l�n";"Eldningsolja nr 2-5";37.3;17.0;21.7;15.8;21.4;28.7;17.8;..;..;..;..;..;..;..;..;0.0;..
"13 Hallands l�n";"Eldningsolja nr 2-5 d�rav ej SNI 05-33,35";1.6;0.8;1.4;1.1;1.3;1.1;1.1;..;..;..;..;..;..;..;..;0.0;..
"13 Hallands l�n";"eldningsolja nr 3-6 ";..;..;..;..;..;..;..;10.7;17.7;18.3;18.1;7.2;1.0;0.8;..;0.0;..
"13 Hallands l�n";"eldningsolja nr 3-6 d�rav ej SNI 05-33, 35";..;..;..;..;..;..;..;2.3;6.3;6.9;0.4;0.1;0.0;..;..;0.0;..
"14 V�stra G�talands l�n";"motorbensin";942.7;963.1;972.4;967.5;944.4;926.1;912.2;862.9;820.8;740.7;674.2;637.3;607.8;591.0;577.0;548.0;524.5
"14 V�stra G�talands l�n";"dieselbr�nsle";732.1;745.5;792.7;842.4;855.7;883.1;819.1;953.7;864.3;886.2;892.9;908.2;919.3;962.2;908.0;965.8;944.0
"14 V�stra G�talands l�n";"etanol";..;..;..;..;..;..;..;..;..;..;39.1;34.1;24.0;23.8;14.2;6.5;6.5
"14 V�stra G�talands l�n";"E85";..;..;..;..;..;..;..;43.4;35.2;39.2;..;..;..;..;..;..;..
"14 V�stra G�talands l�n";"FAME";..;..;..;..;..;..;..;..;..;..;..;..;..;..;..;30.0;8.7
"14 V�stra G�talands l�n";"HVO";..;..;..;..;..;..;..;..;..;..;..;..;..;..;..;73.1;..
"14 V�stra G�talands l�n";"eldningsolja nr 1";462.4;434.2;394.4;326.7;278.1;249.8;205.5;175.2;174.4;184.7;137.8;173.6;160.0;270.1;142.0;116.7;..
"14 V�stra G�talands l�n";"eldningsolja nr 1 d�rav ej SNI 05-33, 35";405.1;376.7;324.0;254.2;214.8;193.2;162.0;134.3;131.3;148.6;112.3;147.8;138.0;253.4;118.2;81.8;98.0
"14 V�stra G�talands l�n";"eldningsolja nr 2 inkl. WRD";..;..;..;..;..;..;..;46.4;58.8;75.2;47.8;26.4;23.8;13.9;0.7;0.0;..
"14 V�stra G�talands l�n";"eldningsolja nr 2 inkl. WRD d�rav ej SNI 05-33, 35";..;..;..;..;..;..;..;14.3;27.3;26.1;20.3;8.7;6.2;4.5;0.2;0.0;..
"14 V�stra G�talands l�n";"Eldningsolja nr 2-5";199.6;162.4;252.6;164.1;151.9;136.7;103.8;..;..;..;..;..;..;..;..;0.0;..
"14 V�stra G�talands l�n";"Eldningsolja nr 2-5 d�rav ej SNI 05-33,35";35.1;21.1;24.5;20.2;31.5;24.0;11.1;..;..;..;..;..;..;..;..;0.0;..
"14 V�stra G�talands l�n";"eldningsolja nr 3-6 ";..;..;..;..;..;..;..;54.5;77.3;89.7;60.5;69.9;78.7;6.3;12.4;..;15.3
"14 V�stra G�talands l�n";"eldningsolja nr 3-6 d�rav ej SNI 05-33, 35";..;..;..;..;..;..;..;14.1;45.1;59.2;50.9;64.3;74.3;3.2;7.7;..;8.2
"17 V�rmlands l�n";"motorbensin";189.2;194.1;196.3;192.6;175.3;171.5;180.4;170.9;166.9;149.1;143.7;137.2;125.2;119.1;116.5;112.3;106.2
"17 V�rmlands l�n";"dieselbr�nsle";138.9;141.4;154.7;166.8;152.1;154.4;175.9;179.8;183.4;216.6;200.7;213.9;212.5;211.0;220.2;222.6;223.9
"17 V�rmlands l�n";"etanol";..;..;..;..;..;..;..;..;..;..;6.0;6.1;3.5;3.8;2.8;1.4;1.2
"17 V�rmlands l�n";"E85";..;..;..;..;..;..;..;5.3;4.6;5.5;..;..;..;..;..;..;..
"17 V�rmlands l�n";"FAME";..;..;..;..;..;..;..;..;..;..;..;..;..;..;..;2.0;..
"17 V�rmlands l�n";"HVO";..;..;..;..;..;..;..;..;..;..;..;..;..;..;..;3.0;10.9
"17 V�rmlands l�n";"eldningsolja nr 1";141.4;131.8;112.9;86.2;69.2;63.4;59.4;45.7;36.5;59.1;36.6;30.1;25.8;19.2;23.1;31.4;21.6
"17 V�rmlands l�n";"eldningsolja nr 1 d�rav ej SNI 05-33, 35";121.2;118.0;97.0;73.2;56.7;52.0;50.0;35.1;27.9;41.7;26.1;21.6;19.2;15.3;16.3;24.8;14.0
"17 V�rmlands l�n";"eldningsolja nr 2 inkl. WRD";..;..;..;..;..;..;..;25.6;24.2;26.9;23.0;15.4;7.3;2.8;..;0.0;..
"17 V�rmlands l�n";"eldningsolja nr 2 inkl. WRD d�rav ej SNI 05-33, 35";..;..;..;..;..;..;..;5.2;7.4;6.4;0.3;0.1;0.0;..;..;0.0;..
"17 V�rmlands l�n";"Eldningsolja nr 2-5";126.8;158.9;213.1;162.9;186.5;111.1;56.6;..;..;..;..;..;..;..;..;0.0;..
"17 V�rmlands l�n";"Eldningsolja nr 2-5 d�rav ej SNI 05-33,35";11.2;10.3;6.4;7.0;7.6;6.8;1.3;..;..;..;..;..;..;..;..;0.0;..
"17 V�rmlands l�n";"eldningsolja nr 3-6 ";..;..;..;..;..;..;..;34.0;48.1;58.4;11.9;10.5;9.2;6.7;8.3;7.3;..
"17 V�rmlands l�n";"eldningsolja nr 3-6 d�rav ej SNI 05-33, 35";..;..;..;..;..;..;..;5.1;18.7;22.6;1.0;0.6;0.4;0.1;0.4;0.0;..
"18 �rebro l�n";"motorbensin";170.9;174.7;174.3;173.8;166.7;157.6;156.3;148.3;144.9;140.9;132.0;123.4;115.8;109.7;108.0;104.9;99.4
"18 �rebro l�n";"dieselbr�nsle";104.6;110.4;122.5;133.0;131.7;142.8;139.1;154.9;136.6;160.6;159.5;161.6;167.8;184.6;197.0;202.7;198.6
"18 �rebro l�n";"etanol";..;..;..;..;..;..;..;..;..;..;5.0;6.1;3.9;3.6;2.5;1.2;1.1
"18 �rebro l�n";"E85";..;..;..;..;..;..;..;5.1;4.4;5.6;..;..;..;..;..;..;..
"18 �rebro l�n";"FAME";..;..;..;..;..;..;..;..;..;..;..;..;..;..;..;1.3;..
"18 �rebro l�n";"HVO";..;..;..;..;..;..;..;..;..;..;..;..;..;..;..;11.0;26.1
"18 �rebro l�n";"eldningsolja nr 1";83.8;79.9;74.3;62.9;50.8;45.0;35.5;34.8;32.2;34.0;21.0;18.9;20.3;16.4;23.7;27.7;25.7
"18 �rebro l�n";"eldningsolja nr 1 d�rav ej SNI 05-33, 35";64.5;63.3;59.6;50.8;39.6;35.1;25.4;25.7;19.7;19.5;11.9;9.3;8.4;6.6;9.1;10.4;8.0
"18 �rebro l�n";"eldningsolja nr 2 inkl. WRD";..;..;..;..;..;..;..;15.7;16.8;21.3;11.8;11.5;13.6;11.6;0.5;0.0;..
"18 �rebro l�n";"eldningsolja nr 2 inkl. WRD d�rav ej SNI 05-33, 35";..;..;..;..;..;..;..;2.4;3.9;2.9;0.6;0.0;0.0;..;0.0;0.0;..
"18 �rebro l�n";"Eldningsolja nr 2-5";74.3;54.8;77.9;45.7;31.2;40.1;36.1;..;..;..;..;..;..;..;..;0.0;..
"18 �rebro l�n";"Eldningsolja nr 2-5 d�rav ej SNI 05-33,35";3.5;5.0;5.2;3.8;0.5;0.5;0.0;..;..;..;..;..;..;..;..;0.0;..
"18 �rebro l�n";"eldningsolja nr 3-6 ";..;..;..;..;..;..;..;12.8;14.2;14.6;0.1;0.0;0.0;..;..;0.0;..
"18 �rebro l�n";"eldningsolja nr 3-6 d�rav ej SNI 05-33, 35";..;..;..;..;..;..;..;2.3;8.5;10.0;0.0;0.0;0.0;..;..;0.0;..
"19 V�stmanlands l�n";"motorbensin";165.2;165.8;165.4;162.1;161.4;150.6;143.1;134.1;143.0;124.8;114.1;114.1;115.2;109.5;108.5;97.9;93.3
"19 V�stmanlands l�n";"dieselbr�nsle";88.7;89.7;93.0;101.3;103.3;106.5;97.3;101.0;104.0;125.1;140.6;155.2;166.8;166.2;170.0;168.6;177.9
"19 V�stmanlands l�n";"etanol";..;..;..;..;..;..;..;..;..;..;5.5;5.6;4.1;3.7;2.2;1.6;1.4
"19 V�stmanlands l�n";"E85";..;..;..;..;..;..;..;4.8;4.5;5.4;..;..;..;..;..;..;..
"19 V�stmanlands l�n";"FAME";..;..;..;..;..;..;..;..;..;..;..;..;..;..;..;0.3;..
"19 V�stmanlands l�n";"HVO";..;..;..;..;..;..;..;..;..;..;..;..;..;..;..;4.7;12.8
"19 V�stmanlands l�n";"eldningsolja nr 1";72.1;65.9;59.9;50.0;36.5;30.6;29.6;21.0;23.0;26.6;27.1;28.0;22.7;21.4;19.5;18.3;18.7
"19 V�stmanlands l�n";"eldningsolja nr 1 d�rav ej SNI 05-33, 35";62.4;50.6;46.8;39.9;26.3;22.0;23.3;17.4;19.0;22.5;23.7;24.7;19.3;17.7;17.3;16.7;16.9
"19 V�stmanlands l�n";"eldningsolja nr 2 inkl. WRD";..;..;..;..;..;..;..;0.5;0.6;0.6;0.4;0.5;0.5;0.4;..;2.4;..
"19 V�stmanlands l�n";"eldningsolja nr 2 inkl. WRD d�rav ej SNI 05-33, 35";..;..;..;..;..;..;..;0.5;0.6;0.6;0.4;0.5;0.5;0.4;..;0.0;..
"19 V�stmanlands l�n";"Eldningsolja nr 2-5";0.8;5.8;12.4;4.9;0.6;5.0;4.9;..;..;..;..;..;..;..;..;0.0;..
"19 V�stmanlands l�n";"Eldningsolja nr 2-5 d�rav ej SNI 05-33,35";0.7;0.4;0.6;0.6;0.5;0.6;0.5;..;..;..;..;..;..;..;..;0.0;..
"19 V�stmanlands l�n";"eldningsolja nr 3-6 ";..;..;..;..;..;..;..;0.5;8.5;12.5;0.1;0.2;0.2;0.1;0.1;0.0;..
"19 V�stmanlands l�n";"eldningsolja nr 3-6 d�rav ej SNI 05-33, 35";..;..;..;..;..;..;..;0.2;0.3;0.0;0.0;0.0;0.0;..;..;0.0;..
"20 Dalarnas l�n";"motorbensin";203.2;207.8;209.8;205.6;189.1;179.7;185.0;175.4;182.5;166.0;159.6;147.6;141.1;128.5;125.7;122.1;116.4
"20 Dalarnas l�n";"dieselbr�nsle";132.1;137.1;144.8;156.9;151.2;157.5;149.0;157.7;166.8;188.6;187.8;183.1;193.4;180.4;201.6;204.7;204.2
"20 Dalarnas l�n";"etanol";..;..;..;..;..;..;..;..;..;..;4.5;6.1;4.1;4.0;2.3;1.2;1.1
"20 Dalarnas l�n";"E85";..;..;..;..;..;..;..;5.0;3.9;4.6;..;..;..;..;..;..;..
"20 Dalarnas l�n";"FAME";..;..;..;..;..;..;..;..;..;..;..;..;..;..;..;0.0;..
"20 Dalarnas l�n";"HVO";..;..;..;..;..;..;..;..;..;..;..;..;..;..;..;8.6;12.9
"20 Dalarnas l�n";"eldningsolja nr 1";97.8;95.9;85.4;64.8;55.6;48.9;34.5;28.4;22.1;35.8;29.0;19.5;19.1;13.2;23.6;28.6;28.9
"20 Dalarnas l�n";"eldningsolja nr 1 d�rav ej SNI 05-33, 35";81.3;81.6;70.7;54.4;43.4;37.9;26.9;20.3;15.8;26.4;21.8;14.9;15.1;10.1;9.4;9.7;10.2
"20 Dalarnas l�n";"eldningsolja nr 2 inkl. WRD";..;..;..;..;..;..;..;20.3;21.6;26.3;29.7;16.2;15.5;15.1;8.5;0.0;..
"20 Dalarnas l�n";"eldningsolja nr 2 inkl. WRD d�rav ej SNI 05-33, 35";..;..;..;..;..;..;..;6.4;9.2;8.4;10.9;0.1;0.0;..;0.0;0.0;..
"20 Dalarnas l�n";"Eldningsolja nr 2-5";117.4;98.0;99.2;98.8;96.9;135.0;87.8;..;..;..;..;..;..;..;..;0.0;..
"20 Dalarnas l�n";"Eldningsolja nr 2-5 d�rav ej SNI 05-33,35";4.0;13.4;14.5;11.6;1.3;1.3;0.2;..;..;..;..;..;..;..;..;0.0;..
"20 Dalarnas l�n";"eldningsolja nr 3-6 ";..;..;..;..;..;..;..;66.6;33.8;36.9;3.1;3.2;2.4;1.4;18.0;0.5;..
"20 Dalarnas l�n";"eldningsolja nr 3-6 d�rav ej SNI 05-33, 35";..;..;..;..;..;..;..;5.9;21.5;25.1;0.0;0.0;0.0;1.0;18.0;0.0;..
"21 G�vleborgs l�n";"motorbensin";180.5;183.3;183.2;173.1;176.9;171.0;170.9;164.9;160.7;155.8;146.6;141.0;130.8;131.1;129.1;122.3;120.1
"21 G�vleborgs l�n";"dieselbr�nsle";111.8;117.5;128.5;135.9;138.0;145.3;196.6;201.0;207.6;249.2;286.1;244.5;242.1;271.5;270.7;279.1;258.8
"21 G�vleborgs l�n";"etanol";..;..;..;..;..;..;..;..;..;..;3.1;4.9;3.2;3.2;2.2;1.2;1.0
"21 G�vleborgs l�n";"E85";..;..;..;..;..;..;..;4.5;3.4;4.4;..;..;..;..;..;..;..
"21 G�vleborgs l�n";"FAME";..;..;..;..;..;..;..;..;..;..;..;..;..;..;..;0.2;..
"21 G�vleborgs l�n";"HVO";..;..;..;..;..;..;..;..;..;..;..;..;..;..;..;8.8;17.0
"21 G�vleborgs l�n";"eldningsolja nr 1";61.0;67.1;61.4;52.6;45.0;38.8;34.5;28.4;19.7;30.5;38.4;25.1;22.6;19.0;42.9;38.8;32.3
"21 G�vleborgs l�n";"eldningsolja nr 1 d�rav ej SNI 05-33, 35";54.9;60.6;53.0;43.1;33.1;28.7;26.2;19.2;14.6;21.0;30.3;17.7;17.0;15.4;16.6;15.9;14.1
"21 G�vleborgs l�n";"eldningsolja nr 2 inkl. WRD";..;..;..;..;..;..;..;33.9;22.2;44.6;41.0;51.8;47.6;15.9;0.3;0.0;..
"21 G�vleborgs l�n";"eldningsolja nr 2 inkl. WRD d�rav ej SNI 05-33, 35";..;..;..;..;..;..;..;0.9;1.0;1.1;0.3;0.2;0.2;0.3;0.0;0.0;..
"21 G�vleborgs l�n";"Eldningsolja nr 2-5";131.3;133.2;169.2;183.7;143.8;156.6;111.1;..;..;..;..;..;..;..;..;0.0;..
"21 G�vleborgs l�n";"Eldningsolja nr 2-5 d�rav ej SNI 05-33,35";1.7;4.2;17.4;21.9;5.6;5.9;1.3;..;..;..;..;..;..;..;..;0.0;..
"21 G�vleborgs l�n";"eldningsolja nr 3-6 ";..;..;..;..;..;..;..;59.8;21.3;20.6;64.6;5.7;4.1;5.2;5.7;3.9;..
"21 G�vleborgs l�n";"eldningsolja nr 3-6 d�rav ej SNI 05-33, 35";..;..;..;..;..;..;..;5.1;2.5;3.2;53.4;0.0;0.0;..;..;0.0;..
"22 V�sternorrlands l�n";"motorbensin";171.4;172.0;171.6;166.9;163.5;156.9;159.2;164.0;150.7;141.3;128.5;118.7;109.8;104.1;100.9;97.5;92.3
"22 V�sternorrlands l�n";"dieselbr�nsle";90.0;96.4;105.9;112.9;129.8;142.8;194.6;203.9;188.6;209.9;202.2;209.4;211.5;218.6;216.8;216.7;219.3
"22 V�sternorrlands l�n";"etanol";..;..;..;..;..;..;..;..;..;..;3.5;5.1;3.2;3.3;2.2;1.5;1.5
"22 V�sternorrlands l�n";"E85";..;..;..;..;..;..;..;5.2;4.0;4.8;..;..;..;..;..;..;..
"22 V�sternorrlands l�n";"FAME";..;..;..;..;..;..;..;..;..;..;..;..;..;..;..;0.2;..
"22 V�sternorrlands l�n";"HVO";..;..;..;..;..;..;..;..;..;..;..;..;..;..;..;4.7;10.5
"22 V�sternorrlands l�n";"eldningsolja nr 1";56.0;58.5;55.8;47.8;43.4;37.6;32.8;25.1;27.7;28.9;25.1;24.7;23.7;22.6;19.4;23.2;21.8
"22 V�sternorrlands l�n";"eldningsolja nr 1 d�rav ej SNI 05-33, 35";47.8;49.0;46.0;39.8;35.9;31.1;24.4;19.5;20.9;21.4;19.2;17.9;16.7;14.8;11.6;14.3;15.4
"22 V�sternorrlands l�n";"eldningsolja nr 2 inkl. WRD";..;..;..;..;..;..;..;5.6;5.7;7.5;5.4;3.9;3.0;2.8;0.1;0.0;..
"22 V�sternorrlands l�n";"eldningsolja nr 2 inkl. WRD d�rav ej SNI 05-33, 35";..;..;..;..;..;..;..;2.6;1.4;1.4;0.3;0.1;0.4;0.3;0.0;0.0;..
"22 V�sternorrlands l�n";"Eldningsolja nr 2-5";111.1;91.4;92.5;123.0;86.3;100.5;65.3;..;..;..;..;..;..;..;..;0.0;..
"22 V�sternorrlands l�n";"Eldningsolja nr 2-5 d�rav ej SNI 05-33,35";0.8;0.9;1.3;1.8;1.4;1.5;2.9;..;..;..;..;..;..;..;..;0.0;..
"22 V�sternorrlands l�n";"eldningsolja nr 3-6 ";..;..;..;..;..;..;..;39.7;93.6;57.1;72.7;11.9;28.9;6.9;7.7;11.8;..
"22 V�sternorrlands l�n";"eldningsolja nr 3-6 d�rav ej SNI 05-33, 35";..;..;..;..;..;..;..;0.6;2.3;2.6;0.0;0.0;0.0;..;..;0.0;..
"23 J�mtlands l�n";"motorbensin";98.6;101.6;102.6;101.9;98.9;97.0;89.4;84.2;81.8;77.7;70.9;65.6;64.0;59.3;53.8;57.2;53.3
"23 J�mtlands l�n";"dieselbr�nsle";65.2;69.7;80.0;87.4;89.4;94.0;95.6;99.7;90.0;108.3;96.8;100.1;99.2;100.0;99.3;110.0;115.1
"23 J�mtlands l�n";"etanol";..;..;..;..;..;..;..;..;..;..;1.7;1.9;1.2;1.3;1.0;0.5;0.5
"23 J�mtlands l�n";"E85";..;..;..;..;..;..;..;1.9;1.5;1.7;..;..;..;..;..;..;..
"23 J�mtlands l�n";"FAME";..;..;..;..;..;..;..;..;..;..;..;..;..;..;..;0.0;..
"23 J�mtlands l�n";"HVO";..;..;..;..;..;..;..;..;..;..;..;..;..;..;..;1.0;5.7
"23 J�mtlands l�n";"eldningsolja nr 1";24.9;24.0;24.1;21.0;19.1;16.7;11.0;8.7;4.7;9.9;7.2;6.7;5.8;4.3;3.1;4.3;5.2
"23 J�mtlands l�n";"eldningsolja nr 1 d�rav ej SNI 05-33, 35";20.6;20.0;20.6;18.1;15.4;13.3;7.1;6.5;3.6;6.5;4.9;4.0;4.2;3.6;2.6;3.7;4.7
"23 J�mtlands l�n";"eldningsolja nr 2 inkl. WRD";..;..;..;..;..;..;..;1.5;1.6;1.9;0.0;0.2;0.2;..;..;0.0;..
"23 J�mtlands l�n";"eldningsolja nr 2 inkl. WRD d�rav ej SNI 05-33, 35";..;..;..;..;..;..;..;0.7;0.9;0.8;0.0;0.0;0.0;..;..;0.0;..
"23 J�mtlands l�n";"Eldningsolja nr 2-5";1.5;1.3;3.6;4.0;2.0;3.6;2.9;..;..;..;..;..;..;..;..;0.0;..
"23 J�mtlands l�n";"Eldningsolja nr 2-5 d�rav ej SNI 05-33,35";0.2;0.1;0.3;0.3;0.3;0.3;0.2;..;..;..;..;..;..;..;..;0.0;..
"23 J�mtlands l�n";"eldningsolja nr 3-6 ";..;..;..;..;..;..;..;1.8;3.4;29.0;34.4;0.0;0.0;..;..;0.0;..
"23 J�mtlands l�n";"eldningsolja nr 3-6 d�rav ej SNI 05-33, 35";..;..;..;..;..;..;..;0.6;2.3;2.7;0.0;0.0;0.0;..;..;0.0;..
"24 V�sterbottens l�n";"motorbensin";154.9;155.4;158.2;154.0;152.1;146.5;141.9;131.5;131.6;125.1;116.4;108.5;106.2;101.0;93.8;95.9;91.5
"24 V�sterbottens l�n";"dieselbr�nsle";117.2;126.0;138.8;150.5;169.1;176.5;162.7;166.5;169.8;156.8;145.1;209.0;214.7;210.1;217.0;226.1;231.1
"24 V�sterbottens l�n";"etanol";..;..;..;..;..;..;..;..;..;..;3.0;4.0;2.5;2.7;1.8;0.9;0.8
"24 V�sterbottens l�n";"E85";..;..;..;..;..;..;..;4.1;3.1;4.1;..;..;..;..;..;..;..
"24 V�sterbottens l�n";"FAME";..;..;..;..;..;..;..;..;..;..;..;..;..;..;..;0.0;..
"24 V�sterbottens l�n";"HVO";..;..;..;..;..;..;..;..;..;..;..;..;..;..;..;6.5;11.5
"24 V�sterbottens l�n";"eldningsolja nr 1";54.4;44.9;52.0;45.0;39.4;34.4;27.6;26.2;28.8;16.2;10.7;25.1;23.3;23.0;25.7;31.0;25.7
"24 V�sterbottens l�n";"eldningsolja nr 1 d�rav ej SNI 05-33, 35";38.7;37.9;37.7;33.1;27.2;23.7;21.8;20.4;24.3;13.9;9.9;24.1;18.3;18.3;22.3;27.7;22.1
"24 V�sterbottens l�n";"eldningsolja nr 2 inkl. WRD";..;..;..;..;..;..;..;5.2;5.2;6.1;1.6;6.0;5.0;4.1;..;0.0;..
"24 V�sterbottens l�n";"eldningsolja nr 2 inkl. WRD d�rav ej SNI 05-33, 35";..;..;..;..;..;..;..;2.5;3.1;2.9;0.1;0.2;0.1;..;..;0.0;..
"24 V�sterbottens l�n";"Eldningsolja nr 2-5";9.6;8.5;39.1;46.6;32.6;45.5;36.5;..;..;..;..;..;..;..;..;0.0;..
"24 V�sterbottens l�n";"Eldningsolja nr 2-5 d�rav ej SNI 05-33,35";1.4;2.4;7.1;4.3;7.0;6.9;1.8;..;..;..;..;..;..;..;..;0.0;..
"24 V�sterbottens l�n";"eldningsolja nr 3-6 ";..;..;..;..;..;..;..;23.8;32.2;30.5;13.7;6.8;14.2;12.8;15.4;11.3;..
"24 V�sterbottens l�n";"eldningsolja nr 3-6 d�rav ej SNI 05-33, 35";..;..;..;..;..;..;..;1.8;16.1;7.7;0.0;0.0;0.0;5.8;..;0.0;..
"25 Norrbottens l�n";"motorbensin";160.1;160.9;166.6;157.2;149.3;142.4;151.8;141.5;145.1;138.4;127.1;119.7;109.7;104.6;101.1;100.4;95.7
"25 Norrbottens l�n";"dieselbr�nsle";207.2;206.1;167.3;173.5;178.7;180.2;207.1;228.3;250.2;224.0;235.7;249.2;254.7;269.0;316.4;266.8;286.6
"25 Norrbottens l�n";"etanol";..;..;..;..;..;..;..;..;..;..;2.5;2.9;1.8;1.9;1.3;0.8;0.6
"25 Norrbottens l�n";"E85";..;..;..;..;..;..;..;2.5;1.7;2.4;..;..;..;..;..;..;..
"25 Norrbottens l�n";"FAME";..;..;..;..;..;..;..;..;..;..;..;..;..;..;..;0.0;..
"25 Norrbottens l�n";"HVO";..;..;..;..;..;..;..;..;..;..;..;..;..;..;..;3.1;8.9
"25 Norrbottens l�n";"eldningsolja nr 1";116.2;68.0;62.8;31.6;33.0;30.1;28.6;36.8;57.3;56.7;54.0;62.4;52.0;36.3;44.3;39.0;27.4
"25 Norrbottens l�n";"eldningsolja nr 1 d�rav ej SNI 05-33, 35";52.7;35.7;26.2;19.6;15.8;13.8;16.5;32.6;55.0;15.6;16.0;34.1;25.7;19.6;17.9;17.0;15.2
"25 Norrbottens l�n";"eldningsolja nr 2 inkl. WRD";..;..;..;..;..;..;..;7.2;7.9;10.0;14.7;11.2;16.9;21.5;3.3;5.5;..
"25 Norrbottens l�n";"eldningsolja nr 2 inkl. WRD d�rav ej SNI 05-33, 35";..;..;..;..;..;..;..;3.1;4.4;3.8;3.2;10.3;8.8;11.1;3.1;0.0;..
"25 Norrbottens l�n";"Eldningsolja nr 2-5";97.0;201.5;155.6;109.7;128.3;107.6;38.5;..;..;..;..;..;..;..;..;0.0;..
"25 Norrbottens l�n";"Eldningsolja nr 2-5 d�rav ej SNI 05-33,35";4.8;1.4;2.9;1.8;1.9;0.0;0.0;..;..;..;..;..;..;..;..;0.0;..
"25 Norrbottens l�n";"eldningsolja nr 3-6 ";..;..;..;..;..;..;..;90.3;39.3;37.0;89.3;17.2;75.5;..;..;..;..
"25 Norrbottens l�n";"eldningsolja nr 3-6 d�rav ej SNI 05-33, 35";..;..;..;..;..;..;..;3.2;11.6;13.6;0.0;0.0;0.0;..;..;..;..
