produktionsslag,br�nsletyp,1990,1991,1992,1993,1994,1995,1996,1997,1998,1999,2000,2001,2002,2003,2004,2005,2006,2007,2008,2009,2010,2011,2012,2013,2014,2015,2016,2017,2018,2019,2020,2021
"kraftv�rme-industri, kraftv�rmedrift",eldningsolja nr 1,0,2,0,0,405,0,0,107,60,55,29,11,45,134,3,9,12,25,2,9,26,48,4,2,6,26,22,12,47,39,50,46
"kraftv�rme-industri, kraftv�rmedrift",eldningsolja nr 2,0,0,0,0,0,0,0,0,41,665,45,773,403,674,365,281,178,48,45,103,9,27,7,7,13,47,21,15,11,10,7,33
"kraftv�rme-industri, kraftv�rmedrift",eldningsolja nr 2 och 3,0,0,0,0,0,0,0,0,0,0,0,0,0,0,0,0,0,0,0,0,0,0,0,0,0,0,0,0,0,0,0,..
"kraftv�rme-industri, kraftv�rmedrift",eldningsolja nr 3-5,0,0,0,0,0,0,11934,7631,7217,6891,3245,6037,5601,6242,4578,3521,3464,2791,3197,1819,2467,1699,1234,894,706,446,558,556,584,496,390,442
"kraftv�rme-industri, kraftv�rmedrift",eldningsolja nr 4,243,265,198,288,240,231,0,0,0,0,0,0,0,0,0,0,0,0,0,0,0,0,0,0,0,0,0,0,0,0,0,..
"kraftv�rme-industri, kraftv�rmedrift",eldningsolja nr 5 och d�r�ver,3304,5470,5060,6366,8035,9164,0,0,0,0,0,0,0,0,0,0,0,0,0,0,0,0,0,0,0,0,0,0,0,0,0,..
"kraftv�rme-industri, kraftv�rmedrift",stenkol,346,401,522,675,770,690,730,706,651,719,198,144,461,519,104,88,116,11,16,4,0,0,0,0,0,0,0,0,0,0,0,..
"kraftv�rme-industri, kraftv�rmedrift",torv och torvbriketter,0,0,19,25,25,51,56,56,57,46,0,29,0,0,54,35,65,38,60,56,29,29,36,44,44,47,37,19,32,34,14,8
"kraftv�rme-industri, kraftv�rmedrift",f�r�dlade tr�dbr�nslen,0,0,0,0,37,0,0,0,0,0,0,0,0,0,128,0,12,84,16,152,265,225,193,243,266,217,220,244,310,176,41,222
"kraftv�rme-industri, kraftv�rmedrift",tr�dbr�nslen exklusive f�r�dlade tr�dbr�nslen,3645,3957,4199,4055,3775,3898,3613,3181,3548,2394,2627,4440,4591,4589,4781,7530,7834,8474,8727,8368,9949,10467,10361,9168,7341,7383,7356,6143,5550,6167,5836,6621
"kraftv�rme-industri, kraftv�rmedrift",fotogen,0,0,0,0,0,0,0,0,0,0,0,0,0,0,0,0,0,0,0,0,0,0,0,0,0,0,0,0,0,0,0,..
"kraftv�rme-industri, kraftv�rmedrift",dieselbr�nsle,0,0,0,0,0,0,0,0,0,0,0,0,0,0,0,0,0,0,0,0,0,0,0,0,0,0,0,0,0,0,0,..
"kraftv�rme-industri, kraftv�rmedrift",naturgas,429,366,367,924,755,663,706,487,413,476,284,363,409,610,351,334,330,304,0,260,488,405,408,294,273,167,162,168,157,170,235,242
"kraftv�rme-industri, kraftv�rmedrift",biogas,0,0,0,0,0,0,0,0,0,0,0,0,0,0,0,0,0,0,0,0,0,0,0,0,0,0,0,0,0,0,0,9
"kraftv�rme-industri, kraftv�rmedrift",koksugnsgas,0,0,0,0,0,0,7,173,180,233,143,184,533,244,172,3,55,153,219,161,239,248,88,121,168,389,188,266,219,421,232,235
"kraftv�rme-industri, kraftv�rmedrift",masugnsgas inkl. LD-gas,0,0,0,0,0,0,29,1177,1513,2321,2182,876,1578,1998,2579,43,490,2257,2699,199,2719,1488,190,227,403,1365,468,796,543,1479,629,654
"kraftv�rme-industri, kraftv�rmedrift","svartlutar, tall- och beckolja",3762,2910,5333,3582,3950,3612,3483,4826,5244,4823,9499,5783,7852,8910,10376,10393,10907,12130,14808,16869,18477,16752,18021,17122,17707,18304,18515,22861,23867,29305,29312,29025
"kraftv�rme-industri, kraftv�rmedrift",propan och butan,442,84,43,21,92,138,0,24,24,8,4,1,0,0,0,0,14,13,30,206,133,119,72,63,36,103,260,293,33,42,21,16
"kraftv�rme-industri, kraftv�rmedrift",k�rnbr�nsle,0,0,0,0,0,0,0,0,0,0,0,0,0,0,0,0,0,0,0,0,0,0,0,0,0,0,0,0,0,0,0,..
"kraftv�rme-industri, kraftv�rmedrift",avfall,0,0,0,0,0,0,0,0,0,0,0,0,0,0,0,0,0,0,0,0,0,0,0,0,0,0,0,0,0,0,0,..
"kraftv�rme-industri, kraftv�rmedrift",annat br�nsle,300,886,954,1302,1236,968,381,369,312,388,279,368,255,560,294,313,300,254,222,142,757,495,657,732,682,804,833,969,977,1080,846,666
"kraftv�rme-industri, kraftv�rmedrift",summa br�nsle och drivmedel,12472,14341,15695,17178,18915,19415,20940,18605,19259,19939,18536,18922,21727,24479,23786,22550,23777,26582,30310,28347,35557,32002,31272,28916,27644,29298,28638,32342,32331,39419,37614,38218
"kraftv�rme-industri, kraftv�rmedrift",�verskotts�nga fr�n industrin ,166,81,41,121,149,148,307,0,0,0,0,76,0,129,0,0,75,273,0,0,0,0,0,0,0,0,0,0,0,0,0,..
"kraftv�rme-industri, kraftv�rmedrift","summa br�nsle, drivmedel och �nga",12638,14421,15736,17299,19064,19564,21247,18605,19259,19939,18536,19009,21727,24608,23786,22550,23852,26855,30310,28347,35557,32002,31272,28916,27644,29298,28638,32342,32331,39419,37614,38218
"kraftv�rme-industri, kraftv�rmedrift",v�rmekraftproduktion brutto inkl. k�rnkraft,..,..,..,..,..,..,..,..,..,..,..,..,..,..,..,..,..,..,..,..,..,..,..,..,..,..,..,..,..,..,..,..
"kraftv�rme-industri, kondensdrift",eldningsolja nr 1,0,0,0,0,0,0,0,0,0,0,0,0,0,0,0,0,0,0,0,0,0,0,0,0,0,0,0,0,0,0,0,..
"kraftv�rme-industri, kondensdrift",eldningsolja nr 2,0,0,0,0,0,0,0,0,0,0,0,0,0,0,0,0,0,0,0,0,0,0,0,0,0,0,0,0,0,0,0,..
"kraftv�rme-industri, kondensdrift",eldningsolja nr 2 och 3,0,0,0,0,0,0,0,0,0,0,0,0,0,0,0,0,0,0,0,0,0,0,0,0,0,0,0,0,0,0,0,..
"kraftv�rme-industri, kondensdrift",eldningsolja nr 3-5,0,0,0,0,0,0,0,0,0,0,0,0,0,0,2,62,0,0,0,0,0,0,0,0,0,0,0,0,0,0,0,..
"kraftv�rme-industri, kondensdrift",eldningsolja nr 4,0,0,0,0,0,0,0,0,0,0,0,0,0,0,0,0,0,0,0,0,0,0,0,0,0,0,0,0,0,0,0,..
"kraftv�rme-industri, kondensdrift",eldningsolja nr 5 och d�r�ver,0,18,13,0,0,0,0,0,0,0,0,0,0,0,0,0,0,0,0,0,0,0,0,0,0,0,0,0,0,0,0,..
"kraftv�rme-industri, kondensdrift",stenkol,26,13,0,0,0,0,0,0,0,0,0,0,0,0,0,0,0,0,0,0,0,0,0,0,0,0,0,0,0,0,0,..
"kraftv�rme-industri, kondensdrift",torv och torvbriketter,0,0,0,0,0,0,0,0,0,0,0,0,0,0,0,0,0,0,0,0,0,0,0,0,0,0,0,0,0,0,0,..
"kraftv�rme-industri, kondensdrift",f�r�dlade tr�dbr�nslen,0,0,0,0,0,0,0,0,0,0,0,0,0,0,0,0,0,0,0,0,0,0,0,0,0,0,0,0,0,0,0,..
"kraftv�rme-industri, kondensdrift",tr�dbr�nslen exklusive f�r�dlade tr�dbr�nslen,0,0,0,0,0,0,0,0,0,0,0,0,0,0,0,0,0,0,0,0,0,0,0,0,0,0,0,0,0,0,0,..
"kraftv�rme-industri, kondensdrift",fotogen,0,0,0,0,0,0,0,0,0,0,0,0,0,0,0,0,0,0,0,0,0,0,0,0,0,0,0,0,0,0,0,..
"kraftv�rme-industri, kondensdrift",dieselbr�nsle,0,0,0,0,0,0,0,0,0,0,0,0,0,0,0,0,0,0,0,0,0,0,0,0,0,0,0,0,0,0,0,..
"kraftv�rme-industri, kondensdrift",naturgas,4,0,7,23,51,32,0,0,0,0,0,0,0,0,0,0,0,0,0,0,0,0,0,0,0,0,0,0,0,0,0,..
"kraftv�rme-industri, kondensdrift",biogas,0,0,0,0,0,0,0,0,0,0,0,0,0,0,0,0,0,0,0,0,0,0,0,0,0,0,0,0,0,0,0,..
"kraftv�rme-industri, kondensdrift",koksugnsgas,0,0,0,0,0,0,0,0,0,0,0,0,0,0,3,201,0,0,0,0,0,0,0,0,0,0,0,0,0,0,0,..
"kraftv�rme-industri, kondensdrift",masugnsgas inkl. LD-gas,0,0,0,0,0,0,0,0,0,0,0,0,0,0,45,2837,0,0,0,0,0,0,0,0,0,0,0,0,0,0,0,..
"kraftv�rme-industri, kondensdrift","svartlutar, tall- och beckolja",0,0,0,0,0,0,0,0,0,0,0,0,0,0,0,0,0,0,0,0,0,0,0,0,0,0,0,0,0,0,0,..
"kraftv�rme-industri, kondensdrift",propan och butan,0,0,0,0,0,0,0,0,0,0,0,0,0,0,0,0,0,0,0,0,0,0,0,0,0,0,0,0,0,0,0,..
"kraftv�rme-industri, kondensdrift",k�rnbr�nsle,0,0,0,0,0,0,0,0,0,0,0,0,0,0,0,0,0,0,0,0,0,0,0,0,0,0,0,0,0,0,0,..
"kraftv�rme-industri, kondensdrift",avfall,0,0,0,0,0,0,0,0,0,0,0,0,0,0,0,0,0,0,0,0,0,0,0,0,0,0,0,0,0,0,0,..
"kraftv�rme-industri, kondensdrift",annat br�nsle,0,0,0,0,0,0,0,0,0,0,0,0,0,0,0,0,0,0,0,0,0,0,0,0,0,0,0,0,0,0,0,..
"kraftv�rme-industri, kondensdrift",summa br�nsle och drivmedel,30,31,20,23,51,32,0,0,0,0,0,0,0,0,50,3099,0,0,0,0,0,0,0,0,0,0,0,0,0,0,0,..
"kraftv�rme-industri, kondensdrift",�verskotts�nga fr�n industrin ,0,0,0,0,0,0,0,0,0,0,0,0,0,0,245,156,0,0,0,0,0,0,0,0,0,0,0,0,0,0,0,..
"kraftv�rme-industri, kondensdrift","summa br�nsle, drivmedel och �nga",30,31,20,23,51,32,0,0,0,0,0,0,0,0,294,3255,0,0,0,0,0,0,0,0,0,0,0,0,0,0,0,..
"kraftv�rme-industri, kondensdrift",v�rmekraftproduktion brutto inkl. k�rnkraft,..,..,..,..,..,..,..,..,..,..,..,..,..,..,..,..,..,..,..,..,..,..,..,..,..,..,..,..,..,..,..,..
"kraftv�rme-v�rmeverk, kraftv�rmedrift",eldningsolja nr 1,4,144,297,391,1433,2117,2813,1389,2026,1659,546,558,1114,1814,636,220,92,55,101,97,852,374,208,100,..,..,308,155,237,257,107,195
"kraftv�rme-v�rmeverk, kraftv�rmedrift",eldningsolja nr 2,0,0,0,0,0,0,87,15,29,4,14,99,175,86,37,76,67,25,119,287,60,24,20,11,9,28,30,28,38,3,8,6
"kraftv�rme-v�rmeverk, kraftv�rmedrift",eldningsolja nr 2 och 3,6,1,2,87,77,88,0,0,0,0,0,0,0,0,0,0,0,0,0,0,0,0,0,0,0,0,0,0,0,0,0,..
"kraftv�rme-v�rmeverk, kraftv�rmedrift",eldningsolja nr 3-5,0,0,0,0,0,0,6595,6384,7411,5045,2497,3531,3605,4511,2201,1386,1873,1206,314,859,1756,732,733,419,204,89,246,138,191,107,11,87
"kraftv�rme-v�rmeverk, kraftv�rmedrift",eldningsolja nr 4,60,75,69,70,71,45,0,0,0,0,0,0,0,0,0,0,0,0,0,0,0,0,0,0,0,0,0,0,0,0,0,..
"kraftv�rme-v�rmeverk, kraftv�rmedrift",eldningsolja nr 5 och d�r�ver,967,2513,3719,4633,5172,4980,0,0,0,0,0,0,0,0,0,0,0,0,0,0,0,0,0,0,0,0,0,0,0,0,0,..
"kraftv�rme-v�rmeverk, kraftv�rmedrift",stenkol,4883,7366,7790,8582,9504,8675,10857,8212,8926,9571,7343,8188,8245,7822,4159,3159,3990,3701,2295,2663,3559,2845,2374,3374,1905,1803,1194,1495,1624,983,6,52
"kraftv�rme-v�rmeverk, kraftv�rmedrift",torv och torvbriketter,328,528,523,832,425,734,689,386,233,132,247,203,408,823,2305,2210,1889,2012,2582,1890,2798,2403,1790,1465,833,634,825,748,1062,836,255,333
"kraftv�rme-v�rmeverk, kraftv�rmedrift",f�r�dlade tr�dbr�nslen,0,0,0,542,24,505,246,114,66,235,937,740,413,794,2616,3158,2479,2120,2456,3749,4296,2440,2097,1830,845,580,730,600,779,685,203,906
"kraftv�rme-v�rmeverk, kraftv�rmedrift",tr�dbr�nslen exklusive f�r�dlade tr�dbr�nslen,304,195,199,0,661,1621,2271,3497,4351,4475,3600,5177,4590,6739,9479,8793,9820,10140,10329,12030,14539,13557,13491,14108,12038,13404,15248,14948,14596,16272,10672,14353
"kraftv�rme-v�rmeverk, kraftv�rmedrift",fotogen,0,0,0,0,0,0,0,0,0,0,0,0,0,0,0,0,0,0,0,0,0,0,0,0,0,0,0,0,0,0,0,..
"kraftv�rme-v�rmeverk, kraftv�rmedrift",dieselbr�nsle,0,0,2,0,0,0,0,0,1,0,0,0,3,0,0,0,0,0,10,2,4,6,6,1,0,0,0,0,0,0,0,0
"kraftv�rme-v�rmeverk, kraftv�rmedrift",naturgas,1257,1744,2654,2626,2397,2101,1894,2243,1815,1255,1446,1139,2265,2958,2748,1938,2131,4583,2505,5666,9961,5246,3685,3615,1545,1855,2823,1103,1648,1180,155,624
"kraftv�rme-v�rmeverk, kraftv�rmedrift",biogas,0,0,0,0,0,0,222,207,16,25,124,101,136,147,175,144,152,194,96,111,105,104,91,87,54,39,40,43,39,62,29,336
"kraftv�rme-v�rmeverk, kraftv�rmedrift",koksugnsgas,114,137,121,112,135,136,151,118,101,78,72,83,64,76,106,103,100,284,80,54,107,125,33,25,75,62,73,81,83,66,65,73
"kraftv�rme-v�rmeverk, kraftv�rmedrift",masugnsgas inkl. LD-gas,929,935,1000,1041,1005,1030,1358,1859,1342,1311,1157,1262,1325,1299,1298,1160,1143,1311,1095,1102,1416,1087,1288,1132,1060,934,1084,1224,1236,982,969,1084
"kraftv�rme-v�rmeverk, kraftv�rmedrift","svartlutar, tall- och beckolja",0,0,0,0,0,0,0,0,0,0,10,15,160,75,67,169,121,89,133,224,264,428,91,74,..,..,601,650,601,591,657,23
"kraftv�rme-v�rmeverk, kraftv�rmedrift",propan och butan,1,46,295,244,340,93,316,54,60,44,9,5,16,0,0,0,0,0,0,14,19,0,0,0,0,0,0,0,0,0,0,0
"kraftv�rme-v�rmeverk, kraftv�rmedrift",k�rnbr�nsle,0,0,0,0,0,0,0,0,0,0,0,0,0,0,0,0,0,0,0,0,0,0,0,0,0,0,0,0,0,0,0,..
"kraftv�rme-v�rmeverk, kraftv�rmedrift",avfall,521,444,385,495,451,514,543,474,737,602,720,1077,1215,1692,3981,4785,5535,4842,8191,8109,10601,11698,10622,11347,10822,11601,12686,13789,12728,13564,13046,14361
"kraftv�rme-v�rmeverk, kraftv�rmedrift",annat br�nsle,42,64,66,102,417,103,118,139,1103,962,1319,268,650,266,1558,1419,2922,1093,1585,2690,4156,3364,2651,1895,2193,1928,2263,3201,3522,3865,2655,5145
"kraftv�rme-v�rmeverk, kraftv�rmedrift",summa br�nsle och drivmedel,9416,14192,17122,19756,22112,22742,28160,25089,28218,25398,20039,22445,24384,29101,31366,28721,32314,31655,31891,39549,54493,44434,39180,39483,31749,33180,38150,38201,38386,39452,28839,37579
"kraftv�rme-v�rmeverk, kraftv�rmedrift",�verskotts�nga fr�n industrin ,256,346,387,497,502,559,0,0,0,0,0,0,0,0,0,0,0,0,0,0,0,0,0,0,0,0,0,0,0,0,0,..
"kraftv�rme-v�rmeverk, kraftv�rmedrift","summa br�nsle, drivmedel och �nga",9672,14537,17508,20253,22614,23302,28160,25089,28218,25398,20039,22445,24384,29101,31366,28721,32314,31655,31891,39549,54493,44434,39180,39483,31749,33180,38150,38201,38386,39452,28839,37579
"kraftv�rme-v�rmeverk, kraftv�rmedrift",v�rmekraftproduktion brutto inkl. k�rnkraft,..,..,..,..,..,..,..,..,..,..,..,..,..,..,..,..,..,..,..,..,..,..,..,..,..,..,..,..,..,..,..,..
"kraftv�rme-v�rmeverk, kondensdrift",eldningsolja nr 1,0,162,202,48,218,57,1532,9,58,64,28,3,1,6,41,25,3,4,6,7,20,284,46,5,13,14,21,..,..,120,63,80
"kraftv�rme-v�rmeverk, kondensdrift",eldningsolja nr 2,0,0,0,0,0,0,0,0,0,0,0,273,284,174,226,121,104,305,169,190,504,236,262,244,243,109,137,108,140,0,0,0
"kraftv�rme-v�rmeverk, kondensdrift",eldningsolja nr 2 och 3,0,0,0,0,0,33,0,0,0,0,0,0,0,0,0,0,0,0,0,0,0,0,0,0,0,0,0,0,0,0,0,..
"kraftv�rme-v�rmeverk, kondensdrift",eldningsolja nr 3-5,0,0,0,0,0,0,2530,1459,455,423,349,39,720,1406,177,98,61,281,31,469,340,17,11,4,12,2,6,4,3,8,0,0
"kraftv�rme-v�rmeverk, kondensdrift",eldningsolja nr 4,0,3,39,41,0,0,0,0,0,0,0,0,0,0,0,0,0,0,0,0,0,0,0,0,0,0,0,0,0,0,0,..
"kraftv�rme-v�rmeverk, kondensdrift",eldningsolja nr 5 och d�r�ver,491,937,602,734,3110,607,0,0,0,0,0,0,0,0,0,0,0,0,0,0,0,0,0,0,0,0,0,0,0,0,0,..
"kraftv�rme-v�rmeverk, kondensdrift",stenkol,2,68,1,258,2588,749,2684,599,282,272,337,1304,3041,6398,1591,73,541,115,46,7,32,93,28,35,18,32,20,19,11,0,0,0
"kraftv�rme-v�rmeverk, kondensdrift",torv och torvbriketter,0,0,0,0,0,0,0,0,0,0,7,12,0,64,1475,84,311,219,845,479,143,315,25,7,5,0,0,0,0,0,2,0
"kraftv�rme-v�rmeverk, kondensdrift",f�r�dlade tr�dbr�nslen,0,0,0,0,0,0,0,0,0,0,0,0,0,0,0,2,32,2,0,0,0,39,0,0,0,0,0,0,0,0,0,0
"kraftv�rme-v�rmeverk, kondensdrift",tr�dbr�nslen exklusive f�r�dlade tr�dbr�nslen,0,0,0,0,0,5,141,121,0,17,45,53,239,483,1148,538,804,360,1089,517,481,1106,943,254,67,11,..,..,..,15,8,52
"kraftv�rme-v�rmeverk, kondensdrift",fotogen,0,0,0,0,0,0,0,0,0,0,0,0,0,0,0,0,0,0,0,0,0,0,0,0,0,0,0,0,0,0,0,..
"kraftv�rme-v�rmeverk, kondensdrift",dieselbr�nsle,0,0,0,0,0,0,0,0,0,0,0,0,0,0,0,0,0,0,0,0,0,0,0,0,0,0,..,0,0,0,0,0
"kraftv�rme-v�rmeverk, kondensdrift",naturgas,0,0,0,287,345,232,22,10,105,441,331,213,86,0,0,0,0,0,0,0,0,3171,728,1020,1011,323,204,0,0,0,0,0
"kraftv�rme-v�rmeverk, kondensdrift",biogas,0,0,0,0,0,0,2,0,80,54,45,0,0,0,0,0,0,0,0,0,0,0,0,0,0,0,0,0,1,0,0,0
"kraftv�rme-v�rmeverk, kondensdrift",koksugnsgas,203,280,211,272,203,191,314,161,181,154,113,208,146,240,366,412,282,120,242,74,134,350,95,39,142,103,126,164,157,13,136,125
"kraftv�rme-v�rmeverk, kondensdrift",masugnsgas inkl. LD-gas,1407,1636,1898,1651,1206,1448,2397,1796,2394,2585,1830,3150,3029,4117,4391,4661,3235,2873,3328,1514,1765,2723,2087,1667,2011,1589,1864,2421,2319,1077,2014,1845
"kraftv�rme-v�rmeverk, kondensdrift","svartlutar, tall- och beckolja",0,0,0,0,0,0,0,0,0,0,0,1,0,39,2,8,34,15,61,26,7,9,6,1,0,0,0,0,0,0,0,0
"kraftv�rme-v�rmeverk, kondensdrift",propan och butan,0,0,29,65,112,245,0,11,5,0,0,0,0,0,0,0,0,0,0,0,0,0,0,0,0,0,0,0,0,0,0,..
"kraftv�rme-v�rmeverk, kondensdrift",k�rnbr�nsle,0,0,0,0,0,0,0,0,0,0,0,0,0,0,0,0,0,0,0,0,0,0,0,0,0,0,0,0,0,0,0,..
"kraftv�rme-v�rmeverk, kondensdrift",avfall,0,0,0,0,0,0,0,0,0,0,0,0,170,152,0,173,121,259,290,265,224,113,86,98,320,136,406,258,423,208,341,954
"kraftv�rme-v�rmeverk, kondensdrift",annat br�nsle,0,0,0,0,7,7,20,0,92,0,0,926,16,46,311,0,164,99,180,127,120,237,84,53,303,210,86,91,32,229,10,296
"kraftv�rme-v�rmeverk, kondensdrift",summa br�nsle och drivmedel,2103,3085,2982,3356,7790,3574,9643,4167,3653,4012,3086,5256,7731,13126,9729,6196,5692,4652,6287,3677,3771,8693,4402,3427,4146,2529,2880,3081,3102,1671,2575,3351
"kraftv�rme-v�rmeverk, kondensdrift",�verskotts�nga fr�n industrin ,0,7,0,0,0,0,0,0,0,0,0,0,0,0,0,0,0,0,0,0,0,0,0,0,0,0,0,0,0,0,0,..
"kraftv�rme-v�rmeverk, kondensdrift","summa br�nsle, drivmedel och �nga",2103,3091,2982,3356,7790,3574,9643,4167,3653,4012,3086,5256,7731,13126,9729,6196,5692,4652,6287,3677,3771,8693,4402,3427,4146,2529,2880,3081,3102,1671,2575,3351
"kraftv�rme-v�rmeverk, kondensdrift",v�rmekraftproduktion brutto inkl. k�rnkraft,..,..,..,..,..,..,..,..,..,..,..,..,..,..,..,..,..,..,..,..,..,..,..,..,..,..,..,..,..,..,..,..
kondensstationer,eldningsolja nr 1,0,0,574,98,96,14,0,51,0,0,0,0,0,2,0,0,0,0,0,0,0,0,0,0,0,0,0,0,0,0,0,..
kondensstationer,eldningsolja nr 2,0,0,0,0,0,0,588,25,66,0,0,0,0,170,177,95,259,885,202,57,474,38,215,39,35,112,0,0,0,0,0,..
kondensstationer,eldningsolja nr 2 och 3,0,0,13,0,0,115,0,0,0,0,0,0,0,0,0,0,0,0,0,0,0,0,0,0,0,0,0,0,0,0,0,..
kondensstationer,eldningsolja nr 3-5,0,0,0,0,0,0,19374,2113,431,176,410,334,3522,5407,294,1136,2364,0,961,1174,1886,254,325,98,19,35,118,58,69,49,143,1094
kondensstationer,eldningsolja nr 4,0,0,0,0,0,0,0,0,0,0,0,0,0,0,0,0,0,0,0,0,0,0,0,0,0,0,0,0,0,0,0,..
kondensstationer,eldningsolja nr 5 och d�r�ver,251,105,2181,1403,1763,1129,0,0,0,0,0,0,0,0,0,0,0,0,0,0,0,0,0,0,0,0,0,0,0,0,0,..
kondensstationer,stenkol,0,0,0,0,0,0,0,0,0,0,0,0,0,0,0,0,0,0,0,0,0,0,0,0,0,0,0,0,0,0,0,..
kondensstationer,torv och torvbriketter,0,0,0,0,0,0,0,0,0,0,0,0,0,0,0,0,0,0,0,0,0,0,0,0,0,0,0,0,0,0,0,..
kondensstationer,f�r�dlade tr�dbr�nslen,0,0,0,0,0,0,0,0,0,0,0,0,0,0,0,0,0,0,0,0,0,0,0,0,0,0,0,0,0,0,0,..
kondensstationer,tr�dbr�nslen exklusive f�r�dlade tr�dbr�nslen,0,0,0,0,0,0,0,0,0,0,0,0,0,0,0,0,0,0,0,0,0,0,0,0,0,0,0,0,0,0,0,..
kondensstationer,fotogen,0,0,0,0,0,0,0,0,0,0,0,0,0,0,13,0,0,0,0,0,0,0,0,0,0,0,0,0,0,0,0,..
kondensstationer,dieselbr�nsle,0,0,0,0,0,0,0,0,0,0,0,0,0,0,0,0,0,0,0,0,0,0,0,0,0,0,0,0,0,0,0,..
kondensstationer,naturgas,0,0,0,0,0,0,0,0,0,0,0,0,0,0,0,0,0,0,0,0,0,0,0,0,0,0,0,0,0,0,0,..
kondensstationer,biogas,0,0,0,0,0,0,0,0,0,0,0,0,0,0,0,0,0,0,0,0,0,0,0,0,0,0,0,0,0,0,0,..
kondensstationer,koksugnsgas,181,144,114,78,41,77,0,0,0,0,0,0,0,0,0,0,0,0,0,0,0,0,0,0,0,0,0,0,0,0,0,..
kondensstationer,masugnsgas inkl. LD-gas,490,503,377,297,171,277,0,0,0,0,0,0,0,0,0,0,0,0,0,0,0,0,0,0,0,0,0,0,0,0,0,..
kondensstationer,"svartlutar, tall- och beckolja",0,0,0,0,0,0,0,0,0,0,0,0,0,0,0,0,0,0,0,0,0,0,0,0,0,0,0,0,0,0,0,..
kondensstationer,propan och butan,0,0,0,0,0,0,0,0,0,0,0,0,0,0,0,0,0,0,0,0,0,0,0,0,0,0,0,0,0,0,0,..
kondensstationer,k�rnbr�nsle,728634,822396,677800,655876,782455,746328,808026,742103,785599,768746,597119,771271,722501,716623,818052,755209,683067,661919,673076,539704,598826,602820,647318,661952,650167,559443,639996,643415,683088,681988,497247,541032
kondensstationer,avfall,0,0,0,0,0,0,0,0,0,0,0,0,0,0,0,0,0,0,0,0,0,0,0,0,0,0,0,0,0,0,0,..
kondensstationer,annat br�nsle,0,0,0,0,0,0,0,0,0,0,0,0,0,0,0,0,0,0,0,0,0,0,0,0,0,0,0,0,0,0,0,..
kondensstationer,summa br�nsle och drivmedel,729557,823148,681058,657752,784526,747940,835520,744293,786096,768923,597530,771605,726023,722203,818537,756440,685690,662803,674239,540934,601187,603113,647858,662090,650222,559590,640114,643473,683158,682037,497390,542126
kondensstationer,�verskotts�nga fr�n industrin ,252,364,378,529,416,477,544,544,507,349,0,0,0,0,0,0,0,0,0,0,0,0,0,0,0,0,0,0,0,0,0,..
kondensstationer,"summa br�nsle, drivmedel och �nga",729809,823512,681436,658282,784942,748417,836063,744837,786603,769272,597530,771605,726023,722203,818537,756440,685690,662803,674239,540934,601187,603113,647858,662090,650222,559590,640114,643473,683158,682037,497390,542126
kondensstationer,v�rmekraftproduktion brutto inkl. k�rnkraft,..,..,..,..,..,..,..,..,..,..,..,..,..,..,..,..,..,..,..,..,..,..,..,..,..,..,..,..,..,..,..,..
gasturbinstationer,eldningsolja nr 1,170,164,222,891,189,123,216,102,117,162,522,334,399,1369,90,371,150,289,236,214,227,132,138,93,98,111,83,90,94,80,110,135
gasturbinstationer,eldningsolja nr 2,0,0,0,0,0,0,0,0,0,0,0,0,0,0,0,0,0,0,0,0,0,0,0,0,0,0,0,0,0,0,0,..
gasturbinstationer,eldningsolja nr 2 och 3,0,0,0,0,0,0,0,0,0,0,0,0,0,0,0,0,0,0,0,0,0,0,0,0,0,0,0,0,0,0,0,..
gasturbinstationer,eldningsolja nr 3-5,0,0,0,0,0,0,0,0,0,0,0,0,0,0,0,0,0,0,0,0,0,0,0,0,0,0,14,0,0,0,0,..
gasturbinstationer,eldningsolja nr 4,0,0,0,0,0,0,0,0,0,0,0,0,0,0,0,0,0,0,0,0,0,0,0,0,0,0,0,0,0,0,0,..
gasturbinstationer,eldningsolja nr 5 och d�r�ver,0,0,0,0,0,0,0,0,0,0,0,0,0,0,0,0,0,0,0,0,0,0,0,0,0,0,0,0,0,0,0,..
gasturbinstationer,stenkol,0,0,0,0,0,0,0,0,0,0,0,0,0,0,0,0,0,0,0,0,0,0,0,0,0,0,0,0,0,0,0,..
gasturbinstationer,torv och torvbriketter,0,0,0,0,0,0,0,0,0,0,0,0,0,0,0,0,0,0,0,0,0,0,0,0,0,0,0,0,0,0,0,..
gasturbinstationer,f�r�dlade tr�dbr�nslen,0,0,0,0,0,0,0,0,0,0,0,0,0,0,0,0,0,0,0,0,0,0,0,0,0,0,0,0,0,0,0,..
gasturbinstationer,tr�dbr�nslen exklusive f�r�dlade tr�dbr�nslen,0,0,0,0,0,0,0,0,0,0,0,0,0,0,0,0,0,0,0,0,0,0,0,0,0,0,0,0,0,0,0,..
gasturbinstationer,fotogen,13,42,16,21,25,92,15,10,5,6,0,33,19,147,13,18,37,44,21,34,76,13,18,26,14,19,15,28,105,32,31,86
gasturbinstationer,dieselbr�nsle,0,0,0,0,0,0,0,0,0,0,0,0,0,0,0,0,0,0,0,0,0,0,0,0,0,0,0,0,0,0,0,..
gasturbinstationer,naturgas,0,0,0,0,0,0,0,0,0,0,0,0,0,0,0,0,0,0,0,0,0,0,0,0,0,0,0,0,0,0,0,..
gasturbinstationer,biogas,0,0,0,0,0,0,0,0,0,0,0,0,0,0,0,0,0,0,0,0,0,0,0,0,0,0,0,0,0,0,0,..
gasturbinstationer,koksugnsgas,0,0,0,0,0,0,0,0,0,0,0,0,0,0,0,0,0,0,0,0,0,0,0,0,0,0,0,0,0,0,0,..
gasturbinstationer,masugnsgas inkl. LD-gas,0,0,0,0,0,0,0,0,0,0,0,0,0,0,0,0,0,0,0,0,0,0,0,0,0,0,0,0,0,0,0,..
gasturbinstationer,"svartlutar, tall- och beckolja",0,0,0,0,0,0,0,0,0,0,0,0,0,0,0,0,0,0,0,0,0,0,0,0,0,0,0,0,0,0,0,..
gasturbinstationer,propan och butan,0,0,0,0,0,0,0,0,0,0,0,0,0,0,0,0,0,0,0,0,0,0,0,0,0,0,0,0,0,0,0,..
gasturbinstationer,k�rnbr�nsle,0,0,0,0,0,0,0,0,0,0,0,0,0,0,0,0,0,0,0,0,0,0,0,0,0,0,0,0,0,0,0,..
gasturbinstationer,avfall,0,0,0,0,0,0,0,0,0,0,0,0,0,0,0,0,0,0,0,0,0,0,0,0,0,0,0,0,0,0,0,..
gasturbinstationer,annat br�nsle,555,698,1062,882,891,720,0,0,0,0,0,0,0,0,0,0,0,0,5,0,6,2,10,0,7,5,5,6,7,6,5,7
gasturbinstationer,summa br�nsle och drivmedel,738,903,1300,1794,1106,936,231,112,121,168,522,367,418,1516,103,389,187,334,262,249,309,147,165,119,118,134,116,124,206,118,146,228
gasturbinstationer,�verskotts�nga fr�n industrin ,0,0,0,0,0,0,0,0,0,0,0,0,0,0,0,0,0,0,0,0,0,0,0,0,0,0,0,0,0,0,0,..
gasturbinstationer,"summa br�nsle, drivmedel och �nga",738,903,1300,1794,1106,936,231,112,121,168,522,367,418,1516,103,389,187,334,262,249,309,147,165,119,118,134,116,124,206,118,146,228
gasturbinstationer,v�rmekraftproduktion brutto inkl. k�rnkraft,..,..,..,..,..,..,..,..,..,..,..,..,..,..,..,..,..,..,..,..,..,..,..,..,..,..,..,..,..,..,..,..
annan drivkraft,eldningsolja nr 1,12,5,9,4,7,4,0,0,0,0,0,0,0,0,0,0,1,1,1,0,4,3,23,26,..,..,54,..,..,0,0,17
annan drivkraft,eldningsolja nr 2,0,0,0,0,0,0,0,0,0,0,0,0,0,0,0,0,0,0,0,0,0,0,0,0,0,0,0,0,0,0,0,..
annan drivkraft,eldningsolja nr 2 och 3,0,0,0,0,0,0,0,0,0,0,0,0,0,0,0,0,0,0,0,0,0,0,0,0,0,0,0,0,0,0,0,..
annan drivkraft,eldningsolja nr 3-5,0,0,0,0,0,0,0,0,0,0,0,0,0,0,0,0,0,0,0,0,0,0,0,0,0,0,0,0,0,0,0,..
annan drivkraft,eldningsolja nr 4,0,0,0,0,0,0,0,0,0,0,0,0,0,0,0,0,0,0,0,0,0,0,0,0,0,0,0,0,0,0,0,..
annan drivkraft,eldningsolja nr 5 och d�r�ver,3,3,4,1,525,0,0,0,0,0,0,0,0,0,0,0,0,0,0,0,0,0,0,0,0,0,0,0,0,0,0,..
annan drivkraft,stenkol,0,0,0,0,0,0,0,0,0,0,0,0,0,0,0,0,0,0,0,0,0,0,0,0,0,0,0,0,0,0,0,..
annan drivkraft,torv och torvbriketter,0,0,0,0,0,0,0,0,0,0,0,0,0,0,0,0,0,0,0,0,0,0,0,0,0,0,0,0,0,0,0,..
annan drivkraft,f�r�dlade tr�dbr�nslen,0,0,0,0,0,0,0,0,0,0,0,0,0,0,0,0,0,0,0,0,0,0,0,0,0,0,0,0,0,0,0,..
annan drivkraft,tr�dbr�nslen exklusive f�r�dlade tr�dbr�nslen,0,0,0,0,0,0,0,0,0,0,0,0,0,0,0,0,0,0,0,0,0,0,0,0,0,0,..,..,..,0,0,0
annan drivkraft,fotogen,0,0,0,0,0,0,0,0,0,0,0,0,0,0,0,0,0,0,0,0,0,0,0,0,0,0,0,0,0,0,0,74
annan drivkraft,dieselbr�nsle,2,3,4,6,3,3,7,7,5,9,13,6,8,5,4,4,5,4,3,3,0,0,0,0,..,..,..,4,4,5,8,5
annan drivkraft,naturgas,0,0,0,0,0,0,0,0,0,0,0,0,0,0,0,0,0,0,0,0,0,0,0,0,0,0,0,0,0,0,0,..
annan drivkraft,biogas,0,0,0,0,0,0,0,0,0,0,36,0,0,0,0,0,0,0,0,0,0,0,0,0,0,0,1,0,0,0,0,..
annan drivkraft,koksugnsgas,0,0,0,0,0,0,0,0,0,0,0,0,0,0,0,0,0,0,0,0,0,0,0,0,0,0,0,0,0,0,0,..
annan drivkraft,masugnsgas inkl. LD-gas,0,0,0,0,0,0,0,0,0,0,0,0,0,0,0,0,0,0,0,0,0,0,0,0,0,0,0,0,0,0,0,..
annan drivkraft,"svartlutar, tall- och beckolja",0,0,0,0,0,0,0,0,0,0,0,0,0,0,0,0,0,0,0,0,0,0,0,0,0,0,0,0,0,0,0,..
annan drivkraft,propan och butan,0,0,0,0,0,0,0,0,0,0,0,0,0,0,0,0,0,0,0,0,0,0,0,0,0,0,0,0,0,0,0,..
annan drivkraft,k�rnbr�nsle,0,0,0,0,0,0,0,0,0,0,0,0,0,0,0,0,0,0,0,0,0,0,0,0,0,0,0,0,0,0,0,..
annan drivkraft,avfall,0,0,0,0,0,0,0,0,0,0,0,0,0,0,0,0,0,0,0,0,0,3,0,0,0,0,0,0,0,0,0,..
annan drivkraft,annat br�nsle,0,0,0,0,13,132,0,0,0,0,0,0,0,0,0,0,0,0,0,0,0,0,0,0,0,0,0,0,0,0,0,..
annan drivkraft,summa br�nsle och drivmedel,18,10,16,12,548,139,7,7,6,9,50,6,9,6,5,5,6,5,4,3,4,6,23,26,36,11,59,4,4,5,8,96
annan drivkraft,�verskotts�nga fr�n industrin ,0,0,0,0,0,0,0,0,0,0,0,0,0,0,0,0,0,0,0,0,0,0,0,0,0,0,0,0,0,0,0,..
annan drivkraft,"summa br�nsle, drivmedel och �nga",18,10,16,12,548,139,7,7,6,9,50,6,9,6,5,5,6,5,4,3,4,6,23,26,36,11,59,4,4,5,8,96
annan drivkraft,v�rmekraftproduktion brutto inkl. k�rnkraft,..,..,..,..,..,..,..,..,..,..,..,..,..,..,..,..,..,..,..,..,..,..,..,..,..,..,..,..,..,..,..,..
summa,eldningsolja nr 1,186,478,1303,1432,1943,2315,4562,1659,2260,1940,1125,907,1559,3325,770,626,258,374,346,328,1129,840,418,226,265,335,487,261,395,497,330,473
summa,eldningsolja nr 2,0,0,0,0,0,0,675,40,137,669,59,1145,862,1104,806,574,608,1263,535,638,1047,325,504,302,301,295,188,150,190,13,15,38
summa,eldningsolja nr 2 och 3,6,1,15,87,77,236,0,0,0,0,0,0,0,0,0,0,0,0,0,0,0,0,0,0,0,0,0,0,0,0,0,..
summa,eldningsolja nr 3-5,0,0,0,0,0,0,40433,17588,15515,12536,6501,9941,13448,17567,7253,6196,7762,4278,4503,4321,6449,2703,2303,1415,941,572,928,756,848,660,544,1623
summa,eldningsolja nr 4,304,342,305,339,311,276,0,0,0,0,0,0,0,0,0,0,0,0,0,0,0,0,0,0,0,0,0,0,0,0,0,..
summa,eldningsolja nr 5 och d�r�ver,5016,9045,11578,13136,18605,15880,0,0,0,0,0,0,0,0,0,0,0,0,0,0,0,0,0,0,0,0,0,0,0,0,0,..
summa,stenkol,5257,7847,8314,9515,12862,10114,21802,9516,9859,10562,7879,9636,11747,14739,5854,3320,4647,3827,2357,2674,3591,2939,2402,3409,1923,1835,1214,1514,1636,983,6,52
summa,torv och torvbriketter,328,528,541,857,450,785,745,441,291,178,254,244,408,887,3834,2329,2265,2269,3487,2425,2969,2747,1852,1517,882,681,862,767,1094,870,271,341
summa,f�r�dlade tr�dbr�nslen,0,0,0,0,62,505,246,114,66,235,937,740,413,794,2745,3160,2523,2206,2472,3902,4561,2704,2290,2073,1111,798,950,844,1089,861,243,1128
summa,tr�dbr�nslen exklusive f�r�dlade tr�dbr�nslen,3949,4152,4399,4597,4436,5523,6025,6799,7899,6887,6272,9671,9420,11811,15408,16861,18458,18974,20145,20915,24969,25131,24796,23530,19446,20797,22613,21103,20149,22453,16515,21026
summa,fotogen,13,42,16,21,25,92,15,10,5,6,0,33,19,147,27,18,37,44,21,34,77,14,18,26,14,19,15,28,105,32,31,160
summa,dieselbr�nsle,2,3,6,7,3,3,7,7,6,9,13,6,11,5,4,4,5,4,13,6,4,6,6,1,..,..,5,4,4,5,9,5
summa,naturgas,1690,2110,3027,3860,3547,3029,2623,2739,2333,2173,2061,1715,2759,3568,3100,2272,2461,4887,2505,5926,10449,8823,4821,4928,2828,2345,3188,1270,1805,1350,390,866
summa,biogas,0,0,0,0,0,0,224,207,96,80,205,101,136,147,175,144,152,194,96,111,105,104,91,87,54,39,40,43,39,62,29,344
summa,koksugnsgas,498,561,446,462,380,405,473,451,462,465,328,475,742,559,647,718,437,557,541,290,479,722,216,186,385,554,387,511,459,501,433,433
summa,masugnsgas inkl. LD-gas,2826,3073,3275,2990,2383,2754,3783,4831,5250,6217,5169,5288,5932,7414,8313,8701,4868,6441,7122,2816,5900,5298,3565,3026,3474,3888,3415,4442,4097,3538,3613,3583
summa,"svartlutar, tall- och beckolja",3762,2910,4333,3582,3950,3612,3483,4826,5244,4823,9509,5798,8012,9024,10445,10570,11062,12234,15002,17119,18748,17189,18119,17197,..,..,19116,23511,24468,29895,29970,29049
summa,propan och butan,443,130,367,330,544,476,316,89,89,52,14,6,16,0,0,0,14,13,30,220,152,119,72,63,36,103,260,293,33,42,21,16
summa,k�rnbr�nsle,728634,822396,677800,655876,782455,746328,808026,742103,785599,768746,597119,771271,722501,716623,818052,755209,683067,661919,673076,539704,598826,602820,647318,661952,650167,559443,639996,643415,683088,681988,497247,541032
summa,avfall,521,444,385,495,451,514,543,474,737,602,720,1077,1385,1844,3981,4959,5656,5101,8481,8374,10825,11811,10708,11444,11142,11737,13093,14047,13151,13772,13387,15315
summa,annat br�nsle,897,1647,2083,2285,2564,1930,519,508,1507,2311,1598,1562,921,872,2163,1967,3386,1446,1992,2959,5039,4097,3402,2680,3185,2947,3187,4267,4537,5181,3517,6114
summa,summa br�nsle och drivmedel,754334,855710,718193,699871,835048,794777,894501,792272,837353,818490,639605,818688,780291,790431,883576,817629,747666,726031,742993,612760,695320,688394,722901,734061,713916,624742,709958,717226,757187,762703,566571,621598
summa,�verskotts�nga fr�n industrin ,674,796,806,1147,1067,1185,851,544,507,0,0,76,0,129,245,156,75,273,0,0,0,0,0,0,0,0,0,0,0,0,0,..
summa,"summa br�nsle, drivmedel och �nga",755008,856506,718999,701018,836114,795962,895351,792816,837860,818490,639763,818764,780291,790560,883820,817785,747741,726304,742993,612760,695320,688394,722901,734061,713916,624742,709958,717226,757187,762703,566571,621598
summa,v�rmekraftproduktion brutto inkl. k�rnkraft,..,..,..,..,..,..,..,..,..,..,..,..,..,..,..,..,..,..,..,..,..,..,..,..,..,..,..,..,..,..,..,..
