,produktionsslag,Brutto 1986,Brutto 1987,Brutto 1988,Brutto 1989,Brutto 1990,Brutto 1991,Brutto 1992,Brutto 1993,Brutto 1994,Brutto 1995,Brutto 1996,Brutto 1997,Brutto 1998,Brutto 1999,Brutto 2000,Brutto 2001,Brutto 2002,Brutto 2003,Brutto 2004,Brutto 2005,Brutto 2006,Brutto 2007,Brutto 2008,Brutto 2009,Brutto 2010,Brutto 2011,Brutto 2012,Brutto 2013,Brutto 2014,Brutto 2015,Brutto 2016,Brutto 2017,Brutto 2018,Brutto 2019,Brutto 2020,Brutto 2021,Netto 1986,Netto 1987,Netto 1988,Netto 1989,Netto 1990,Netto 1991,Netto 1992,Netto 1993,Netto 1994,Netto 1995,Netto 1996,Netto 1997,Netto 1998,Netto 1999,Netto 2000,Netto 2001,Netto 2002,Netto 2003,Netto 2004,Netto 2005,Netto 2006,Netto 2007,Netto 2008,Netto 2009,Netto 2010,Netto 2011,Netto 2012,Netto 2013,Netto 2014,Netto 2015,Netto 2016,Netto 2017,Netto 2018,Netto 2019,Netto 2020,Netto 2021,Egenanv�ndning 1986,Egenanv�ndning 1987,Egenanv�ndning 1988,Egenanv�ndning 1989,Egenanv�ndning 1990,Egenanv�ndning 1991,Egenanv�ndning 1992,Egenanv�ndning 1993,Egenanv�ndning 1994,Egenanv�ndning 1995,Egenanv�ndning 1996,Egenanv�ndning 1997,Egenanv�ndning 1998,Egenanv�ndning 1999,Egenanv�ndning 2000,Egenanv�ndning 2001,Egenanv�ndning 2002,Egenanv�ndning 2003,Egenanv�ndning 2004,Egenanv�ndning 2005,Egenanv�ndning 2006,Egenanv�ndning 2007,Egenanv�ndning 2008,Egenanv�ndning 2009,Egenanv�ndning 2010,Egenanv�ndning 2011,Egenanv�ndning 2012,Egenanv�ndning 2013,Egenanv�ndning 2014,Egenanv�ndning 2015,Egenanv�ndning 2016,Egenanv�ndning 2017,Egenanv�ndning 2018,Egenanv�ndning 2019,Egenanv�ndning 2020,Egenanv�ndning 2021,anv�ndningsomr�de,1986,1987,1988,1989,1990,1991,1992,1993,1994,1995,1996,1997,1998,1999,2000,2001,2002,2003,2004,2005,2006,2007,2008,2009,2010,2011,2012,2013,2014,2015,2016,2017,2018,2019,2020
0,total tillf�rsel av el,140486,148745,151294,155144,159417,153609,155292,153791,149718,156070,156518,159659,165105,163615,163893,172779,166842,159721,168100,173634,160847,164793,162404,150452,163187,163644.0,177982.0,165829.0,167514.0,171352.0,170418.0,176146.0,175586.0,177493.0,175644.0,180120.0,135520,143695,146174,150902,154622,148656,150626,149191,145069,151847,152391,155492,160654,159226,160181,168799,163344,156821,164470,169558,157786,160937,158715,146971,159844,160009.0,174124.0,161872.0,163808.0,168230.0,166786.0,172377.0,171862.0,174700.0,172725.0,176946.0,4966,5050,5120,4242,4795,4953,4666,4600,4649,4223,4127,4167,4451,4389,3712,3980,3498,2900,3630,4076,3061,3856,3689,3482,3343,3635.0,3858.0,3957.0,3706.0,3122.0,3632.0,3768.0,3724.0,2793.0,2919.0,3175.0,,,,,,,,,,,,,,,,,,,,,,,,,,,,,,,,,,,,
1,vattenkraft,60933,71854,69883,71750,72509,63249,74364,74647,59097,68096,51740,69056,74743,71691,78584,79061,66358,53540,60588,72692,61638,66163,68997,65414,67176,67064.0,78939.0,61361.0,63763.0,75312.0,62137.0,65066.0,62150.0,65300.0,72290.0,73799.0,60134,70950,69015,70914,71676,62499,73524,73809,58375,67247,51100,68227,73846,70872,77862,78428,65827,53112,60103,72032,61145,65634,68595,64973,66773,66661.0,78466.0,60993.0,63380.0,74861.0,61764.0,64676.0,61777.0,64908.0,71856.0,73356.0,799,904,868,836,833,750,840,838,722,849,640,829,897,819,722,633,531,428,485,660,493,529,402,441,403,402.0,474.0,368.0,383.0,452.0,373.0,390.0,373.0,392.0,434.0,443.0,,,,,,,,,,,,,,,,,,,,,,,,,,,,,,,,,,,,
2,pumpkraft,567,594,589,175,530,426,529,565,353,58,35,43,40,22,35,22,35,58,43,71,69,102,105,196,103,122.0,126.0,135.0,108.0,127.0,119.0,102.0,100.0,93.0,149.0,127.0,-243,-254,-252,-75,-227,-183,-227,-242,-151,-25,-15,-19,-17,-10,-14,-10,-16,-25,-18,-22,-29,-43,-46,-84,-44,-52.0,-54.0,-58.0,-46.0,-55.0,-51.0,-44.0,42.0,61.0,77.0,69.0,810,848,841,250,757,609,756,807,504,83,50,62,57,32,49,32,51,83,61,93,98,145,151,281,147,175.0,180.0,192.0,155.0,182.0,170.0,146.0,58.0,32.0,73.0,58.0,,,,,,,,,,,,,,,,,,,,,,,,,,,,,,,,,,,,
3,k�rnkraft,69951,67385,69424,65603,68185,76761,63544,61395,73156,69935,74274,69928,73583,73188,57316,72109,68111,67415,77671,72691,66977,66969,63889,52173,57728,60475.0,64037.0,66457.0,64877.0,56348.0,63101.0,65696.0,68549.0,66130.0,49198.0,52965.0,66884,64341,66274,62687,65225,73484,60774,58761,70086,66978,71362,66914,70500,70200,54772,69211,65550,65454,75000,69764,64983,64279,61266,49987,55626,58026.0,61393.0,63597.0,62185.0,54347.0,60542.0,63008.0,65801.0,64334.0,47262.0,50992.0,3067,3044,3150,2916,2960,3277,2770,2634,3070,2957,2912,3014,3083,2988,2544,2898,2561,1961,2671,2927,1994,2690,2623,2186,2102,2449.0,2644.0,2860.0,2692.0,2001.0,2559.0,2688.0,2748.0,1796.0,1936.0,1973.0,,,,,,,,,,,,,,,,,,,,,,,,,,,,,,,,,,,,
4,"konventionell v�rmekraft, fj�rrv�rme",3550,3311,2861,2310,2290,3540,4136,4929,5325,5658,6450,5472,5991,5516,4545,5369,5824,6901,7615,6914,7512,7607,7670,9828,12721,10549.0,9341.0,9159.0,7410.0,7843.0,9122.0,9018.0,9126.0,9247.0,6715.0,8831.0,3443,3212,2775,2241,2221,3433,4012,4781,5165,5489,6257,5284,5686,5220,4370,5120,5650,6694,7382,6736,7249,7341,7402,9484,12276,10180.0,9015.0,8839.0,7151.0,7568.0,8803.0,8703.0,8806.0,8924.0,6480.0,8522.0,107,99,86,69,69,107,124,148,160,169,193,188,305,296,175,249,174,207,233,178,263,266,268,344,445,369.0,327.0,321.0,259.0,274.0,319.0,316.0,319.0,324.0,235.0,309.0,,,,,,,,,,,,,,,,,,,,,,,,,,,,,,,,,,,,
5,"konventionell v�rmekraft, industri",2896,2837,2950,2889,2650,2978,3164,3616,3920,3928,4103,4286,4052,4063,4307,4067,4692,4775,4766,4977,5328,5914,6283,6107,6468,6000.0,6333.0,5844.0,5785.0,5816.0,5727.0,6203.0,6128.0,6959.0,6609.0,6894.0,2807,2761,2871,2813,2582,2905,3087,3533,3832,3844,4029,4220,4002,3887,4151,3918,4552,4637,4620,4821,5142,5707,6063,5894,6242,5790.0,6111.0,5640.0,5583.0,5613.0,5527.0,5986.0,5914.0,6716.0,6378.0,6653.0,89,76,79,76,68,73,77,83,88,84,74,66,50,176,156,149,140,138,146,156,186,207,220,214,226,210.0,222.0,205.0,202.0,204.0,200.0,217.0,214.0,244.0,231.0,241.0,,,,,,,,,,,,,,,,,,,,,,,,,,,,,,,,,,,,
6,vindkraft,..,..,..,..,..,..,..,52,75,105,144,203,308,358,457,482,608,679,850,949,988,1432,1996,2485,3502,6101.0,7165.0,9842.0,11234.0,16268.0,15479.0,17609.0,16623.0,19847.0,27526.0,27244.0,..,..,..,..,..,..,..,52,75,105,144,203,308,358,456,482,608,679,850,949,988,1432,1996,2485,3502,6101.0,7165.0,9842.0,11234.0,16268.0,15479.0,17609.0,16623.0,19847.0,27526.0,27108.0,..,..,..,..,..,..,..,0,0,0,0,0,0,0,1,0,0,0,0,0,0,0,0,0,0,0.0,0.0,0.0,0.0,0.0,0.0,0.0,0.0,0.0,0.0,136.0,,,,,,,,,,,,,,,,,,,,,,,,,,,,,,,,,,,,
7,solkraft,..,..,..,..,..,..,..,..,..,..,..,..,..,..,..,..,..,..,..,..,..,..,..,..,..,13.0,19.0,35.0,47.0,97.0,143.0,230.0,391.0,663.0,1035.0,1507.0,..,..,..,..,..,..,..,..,..,..,..,..,..,..,..,..,..,..,..,..,..,..,..,..,..,13.0,19.0,35.0,47.0,97.0,143.0,230.0,391.0,663.0,1035.0,1507.0,..,..,..,..,..,..,..,..,..,..,..,..,..,..,..,..,..,..,..,..,..,..,..,..,..,0.0,0.0,0.0,0.0,0.0,0.0,0.0,0.0,0.0,0.0,0.0,,,,,,,,,,,,,,,,,,,,,,,,,,,,,,,,,,,,
8,"konventionell v�rmekraft, kondensproduktion",690,509,462,278,288,366,611,463,966,473,3869,453,279,309,305,474,1065,1940,915,734,776,528,690,460,535,830.0,329.0,311.0,426.0,235.0,288.0,318.0,300.0,174.0,281.0,388.0,617,446,377,200,204,292,524,389,872,401,3622,387,224,239,251,462,1033,1882,887,680,749,510,666,444,517,801.0,318.0,300.0,411.0,227.0,278.0,307.0,289.0,168.0,271.0,374.0,73,63,85,78,84,74,87,74,94,72,247,66,55,70,54,12,32,58,28,54,27,18,24,16,19,29.0,12.0,11.0,15.0,8.0,10.0,11.0,10.0,6.0,10.0,14.0,,,,,,,,,,,,,,,,,,,,,,,,,,,,,,,,,,,,
9,"konventionell v�rmekraft, gasturbin- och annan produktion",64,81,61,85,55,64,98,145,147,96,17,9,8,11,35,31,37,127,7,31,12,27,20,18,22,10.0,12.0,11.0,12.0,11.0,14.0,8.0,18.0,10.0,13.0,24.0,43,65,50,70,31,50,84,131,136,89,8,5,3,8,25,24,30,102,0,22,12,26,19,17,21,9.0,12.0,11.0,11.0,11.0,14.0,8.0,17.0,9.0,13.0,24.0,21,16,11,15,24,14,14,14,11,7,9,4,5,3,10,7,7,25,7,9,0,1,1,1,1,0.0,0.0,0.0,0.0,0.0,0.0,0.0,1.0,0.0,0.0,1.0,,,,,,,,,,,,,,,,,,,,,,,,,,,,,,,,,,,,
10,import,1835,2174,5064,12053,12909,6225,8847,7979,6680,7720,15885,10252,6102,8456,18309,11164,20110,24286,15646,14574,17547,16051,12754,13771,14932,12481.0,11680.0,12674.0,13852.0,9294.0,14287.0,11896.0,12202.0,9070.0,11827.0,8341.0,1835,2174,5064,12053,12909,6225,8847,7979,6680,7720,15885,10252,6102,8456,18309,11164,20110,24286,15646,14574,17547,16051,12754,13771,14932,12481.0,11680.0,12674.0,13852.0,9294.0,14287.0,11896.0,12202.0,9070.0,11827.0,8341.0,..,..,..,..,..,..,..,..,..,..,..,..,..,..,..,..,..,..,..,..,0,0,0,0,0,0.0,0.0,0.0,0.0,0.0,0.0,0.0,0.0,0.0,0.0,0.0,,,,,,,,,,,,,,,,,,,,,,,,,,,,,,,,,,,,
0,,,,,,,,,,,,,,,,,,,,,,,,,,,,,,,,,,,,,,,,,,,,,,,,,,,,,,,,,,,,,,,,,,,,,,,,,,,,,,,,,,,,,,,,,,,,,,,,,,,,,,,,,,,,,,summa f�rbrukad el,135520,143695,146174,150902,154622,148656.0,150626.0,,,,,,,,,,,,,,,,,,,,,,,,,,,,
1,,,,,,,,,,,,,,,,,,,,,,,,,,,,,,,,,,,,,,,,,,,,,,,,,,,,,,,,,,,,,,,,,,,,,,,,,,,,,,,,,,,,,,,,,,,,,,,,,,,,,,,,,,,,,,export,6494,6344,7671,12526,14677,7519.0,11003.0,,,,,,,,,,,,,,,,,,,,,,,,,,,,
2,,,,,,,,,,,,,,,,,,,,,,,,,,,,,,,,,,,,,,,,,,,,,,,,,,,,,,,,,,,,,,,,,,,,,,,,,,,,,,,,,,,,,,,,,,,,,,,,,,,,,,,,,,,,,,"jord- o. skogsbruk o. fiske j�mte anslutna hush�ll med el. bostadsuppv., SNI69 jmf. 1",1295,1333,1310,1335,1536,715.0,682.0,,,,,,,,,,,,,,,,,,,,,,,,,,,,
3,,,,,,,,,,,,,,,,,,,,,,,,,,,,,,,,,,,,,,,,,,,,,,,,,,,,,,,,,,,,,,,,,,,,,,,,,,,,,,,,,,,,,,,,,,,,,,,,,,,,,,,,,,,,,,"jord- o. skogsbruk o. fiske j�mte anslutna hush�ll med el. bostadsuppv. i komb. med andra energislag, SNI69 jmf. 1",..,..,..,..,..,958.0,895.0,,,,,,,,,,,,,,,,,,,,,,,,,,,,
4,,,,,,,,,,,,,,,,,,,,,,,,,,,,,,,,,,,,,,,,,,,,,,,,,,,,,,,,,,,,,,,,,,,,,,,,,,,,,,,,,,,,,,,,,,,,,,,,,,,,,,,,,,,,,,"jord- o. skogsbruk o. fiske j�mte anslutna hush�ll utan el. bostadsuppv., SNI69 jmf. 1",2097,2157,1949,1888,1664,1628.0,1449.0,,,,,,,,,,,,,,,,,,,,,,,,,,,,
5,,,,,,,,,,,,,,,,,,,,,,,,,,,,,,,,,,,,,,,,,,,,,,,,,,,,,,,,,,,,,,,,,,,,,,,,,,,,,,,,,,,,,,,,,,,,,,,,,,,,,,,,,,,,,,"gruvor och mineralbrott samt tillverkningsindustri, SNI69 jmf. 2 och 3",48538,51677,53505,54141,53625,51342.0,50341.0,,,,,,,,,,,,,,,,,,,,,,,,,,,,
6,,,,,,,,,,,,,,,,,,,,,,,,,,,,,,,,,,,,,,,,,,,,,,,,,,,,,,,,,,,,,,,,,,,,,,,,,,,,,,,,,,,,,,,,,,,,,,,,,,,,,,,,,,,,,,"elverk, kontor, lager o.d., SNI69 jmf. 4101",132,113,137,128,139,105.0,117.0,,,,,,,,,,,,,,,,,,,,,,,,,,,,
7,,,,,,,,,,,,,,,,,,,,,,,,,,,,,,,,,,,,,,,,,,,,,,,,,,,,,,,,,,,,,,,,,,,,,,,,,,,,,,,,,,,,,,,,,,,,,,,,,,,,,,,,,,,,,,"gasverk, SNI69 jmf. 4102",15,18,21,22,27,26.0,35.0,,,,,,,,,,,,,,,,,,,,,,,,,,,,
8,,,,,,,,,,,,,,,,,,,,,,,,,,,,,,,,,,,,,,,,,,,,,,,,,,,,,,,,,,,,,,,,,,,,,,,,,,,,,,,,,,,,,,,,,,,,,,,,,,,,,,,,,,,,,,"v�rmeverk och kraftv�rmeverk, v�rmeverksdrift exkl. elpannor och v�rmepumpar, SNI69 jmf. 4103",1092,1152,1150,1098,1164,1217.0,1241.0,,,,,,,,,,,,,,,,,,,,,,,,,,,,
9,,,,,,,,,,,,,,,,,,,,,,,,,,,,,,,,,,,,,,,,,,,,,,,,,,,,,,,,,,,,,,,,,,,,,,,,,,,,,,,,,,,,,,,,,,,,,,,,,,,,,,,,,,,,,,"v�rmeverk och kraftv�rmeverk, elpannor och v�rmepumpar, SNI69 jmf. 4103",3579,5937,7153,7307,8488,8460.0,8052.0,,,,,,,,,,,,,,,,,,,,,,,,,,,,
10,,,,,,,,,,,,,,,,,,,,,,,,,,,,,,,,,,,,,,,,,,,,,,,,,,,,,,,,,,,,,,,,,,,,,,,,,,,,,,,,,,,,,,,,,,,,,,,,,,,,,,,,,,,,,,"vattenverk, SNI69 jmf. 42",630,646,638,654,647,658.0,637.0,,,,,,,,,,,,,,,,,,,,,,,,,,,,
11,,,,,,,,,,,,,,,,,,,,,,,,,,,,,,,,,,,,,,,,,,,,,,,,,,,,,,,,,,,,,,,,,,,,,,,,,,,,,,,,,,,,,,,,,,,,,,,,,,,,,,,,,,,,,,"byggnads- och anl�ggningsverksamhet, SNI69 jmf. 5",854,887,1030,940,960,1042.0,941.0,,,,,,,,,,,,,,,,,,,,,,,,,,,,
12,,,,,,,,,,,,,,,,,,,,,,,,,,,,,,,,,,,,,,,,,,,,,,,,,,,,,,,,,,,,,,,,,,,,,,,,,,,,,,,,,,,,,,,,,,,,,,,,,,,,,,,,,,,,,,"partihandel, SNI69 jmf. 61",878,923,961,956,987,993.0,997.0,,,,,,,,,,,,,,,,,,,,,,,,,,,,
13,,,,,,,,,,,,,,,,,,,,,,,,,,,,,,,,,,,,,,,,,,,,,,,,,,,,,,,,,,,,,,,,,,,,,,,,,,,,,,,,,,,,,,,,,,,,,,,,,,,,,,,,,,,,,,"detaljhandel, SNI69 jmf. 62",3583,3754,3821,3863,3990,4091.0,4106.0,,,,,,,,,,,,,,,,,,,,,,,,,,,,
14,,,,,,,,,,,,,,,,,,,,,,,,,,,,,,,,,,,,,,,,,,,,,,,,,,,,,,,,,,,,,,,,,,,,,,,,,,,,,,,,,,,,,,,,,,,,,,,,,,,,,,,,,,,,,,"j�rnv�gar, sp�rv�gar och busstrafik, SNI69 jmf. 7111 och 7112",2616,2633,2608,2510,2474,2403.0,2471.0,,,,,,,,,,,,,,,,,,,,,,,,,,,,
15,,,,,,,,,,,,,,,,,,,,,,,,,,,,,,,,,,,,,,,,,,,,,,,,,,,,,,,,,,,,,,,,,,,,,,,,,,,,,,,,,,,,,,,,,,,,,,,,,,,,,,,,,,,,,,gatu- och v�gbelysning,1138,1163,1194,1223,1204,1241.0,1218.0,,,,,,,,,,,,,,,,,,,,,,,,,,,,
16,,,,,,,,,,,,,,,,,,,,,,,,,,,,,,,,,,,,,,,,,,,,,,,,,,,,,,,,,,,,,,,,,,,,,,,,,,,,,,,,,,,,,,,,,,,,,,,,,,,,,,,,,,,,,,"�vriga kommunikationer, SNI69 jmf. 7113-713, 719 och 72",1201,1292,1332,1381,1426,1492.0,1484.0,,,,,,,,,,,,,,,,,,,,,,,,,,,,
17,,,,,,,,,,,,,,,,,,,,,,,,,,,,,,,,,,,,,,,,,,,,,,,,,,,,,,,,,,,,,,,,,,,,,,,,,,,,,,,,,,,,,,,,,,,,,,,,,,,,,,,,,,,,,,"bank- och f�rs�kringsverksamhet, SNI69 jmf. 81 och 82",441,465,496,530,532,542.0,553.0,,,,,,,,,,,,,,,,,,,,,,,,,,,,
18,,,,,,,,,,,,,,,,,,,,,,,,,,,,,,,,,,,,,,,,,,,,,,,,,,,,,,,,,,,,,,,,,,,,,,,,,,,,,,,,,,,,,,,,,,,,,,,,,,,,,,,,,,,,,,"fastighetsf�rvaltning inkl. anslutna v�rmecentraler, SNI69 jmf. 831",4806,5372,5673,5629,5903,6316.0,6431.0,,,,,,,,,,,,,,,,,,,,,,,,,,,,
19,,,,,,,,,,,,,,,,,,,,,,,,,,,,,,,,,,,,,,,,,,,,,,,,,,,,,,,,,,,,,,,,,,,,,,,,,,,,,,,,,,,,,,,,,,,,,,,,,,,,,,,,,,,,,,"offentlig f�rvaltning, SNI69 jmf.91",1267,1333,1356,1347,1436,1477.0,1463.0,,,,,,,,,,,,,,,,,,,,,,,,,,,,
20,,,,,,,,,,,,,,,,,,,,,,,,,,,,,,,,,,,,,,,,,,,,,,,,,,,,,,,,,,,,,,,,,,,,,,,,,,,,,,,,,,,,,,,,,,,,,,,,,,,,,,,,,,,,,,"avlopps-, renings- och renh�llningsverk, SNI69 jmf. 92001 och 92002",794,795,796,776,781,807.0,804.0,,,,,,,,,,,,,,,,,,,,,,,,,,,,
21,,,,,,,,,,,,,,,,,,,,,,,,,,,,,,,,,,,,,,,,,,,,,,,,,,,,,,,,,,,,,,,,,,,,,,,,,,,,,,,,,,,,,,,,,,,,,,,,,,,,,,,,,,,,,,"undervisning och forskning, SNI69 jmf. 931 och 932",2041,2139,2168,2144,2222,2303.0,2369.0,,,,,,,,,,,,,,,,,,,,,,,,,,,,
22,,,,,,,,,,,,,,,,,,,,,,,,,,,,,,,,,,,,,,,,,,,,,,,,,,,,,,,,,,,,,,,,,,,,,,,,,,,,,,,,,,,,,,,,,,,,,,,,,,,,,,,,,,,,,,"h�lsov�rd, �ldringsv�rd o.d., SNI69 jmf. 933 och 934",2702,2737,2942,2887,2982,3004.0,3047.0,,,,,,,,,,,,,,,,,,,,,,,,,,,,
23,,,,,,,,,,,,,,,,,,,,,,,,,,,,,,,,,,,,,,,,,,,,,,,,,,,,,,,,,,,,,,,,,,,,,,,,,,,,,,,,,,,,,,,,,,,,,,,,,,,,,,,,,,,,,,"�vrig samh�llsservice, SNI69 jmf. 935, 939 och 942",950,997,974,976,962,1032.0,1015.0,,,,,,,,,,,,,,,,,,,,,,,,,,,,
24,,,,,,,,,,,,,,,,,,,,,,,,,,,,,,,,,,,,,,,,,,,,,,,,,,,,,,,,,,,,,,,,,,,,,,,,,,,,,,,,,,,,,,,,,,,,,,,,,,,,,,,,,,,,,,"�vriga tj�nster, SNI69 jmf. 63, 832-833, 92003-92009, 941, 949, 95 och 96",3905,4326,4512,4600,4988,5365.0,5435.0,,,,,,,,,,,,,,,,,,,,,,,,,,,,
25,,,,,,,,,,,,,,,,,,,,,,,,,,,,,,,,,,,,,,,,,,,,,,,,,,,,,,,,,,,,,,,,,,,,,,,,,,,,,,,,,,,,,,,,,,,,,,,,,,,,,,,,,,,,,,"permanenta bost�der, sm�hus med enbart elv�rme",21880,21946,20269,19862,20158,15624.0,15643.0,,,,,,,,,,,,,,,,,,,,,,,,,,,,
26,,,,,,,,,,,,,,,,,,,,,,,,,,,,,,,,,,,,,,,,,,,,,,,,,,,,,,,,,,,,,,,,,,,,,,,,,,,,,,,,,,,,,,,,,,,,,,,,,,,,,,,,,,,,,,"permanenta bost�der, sm�hus med elv�rme i komb. med andra energislag",..,..,..,..,..,6439.0,5600.0,,,,,,,,,,,,,,,,,,,,,,,,,,,,
27,,,,,,,,,,,,,,,,,,,,,,,,,,,,,,,,,,,,,,,,,,,,,,,,,,,,,,,,,,,,,,,,,,,,,,,,,,,,,,,,,,,,,,,,,,,,,,,,,,,,,,,,,,,,,,"permanenta bost�der, sm�hus utan elv�rme",5380,5307,4877,4787,4281,4571.0,4339.0,,,,,,,,,,,,,,,,,,,,,,,,,,,,
28,,,,,,,,,,,,,,,,,,,,,,,,,,,,,,,,,,,,,,,,,,,,,,,,,,,,,,,,,,,,,,,,,,,,,,,,,,,,,,,,,,,,,,,,,,,,,,,,,,,,,,,,,,,,,,"permanenta bost�der, flerbostadshus med elv�rme, direktleveranser",635,668,658,675,712,780.0,763.0,,,,,,,,,,,,,,,,,,,,,,,,,,,,
29,,,,,,,,,,,,,,,,,,,,,,,,,,,,,,,,,,,,,,,,,,,,,,,,,,,,,,,,,,,,,,,,,,,,,,,,,,,,,,,,,,,,,,,,,,,,,,,,,,,,,,,,,,,,,,"permanenta bost�der, flerbostadshus utan elv�rme, direktleveranser",3816,3914,3958,4002,4091,4234.0,4304.0,,,,,,,,,,,,,,,,,,,,,,,,,,,,
30,,,,,,,,,,,,,,,,,,,,,,,,,,,,,,,,,,,,,,,,,,,,,,,,,,,,,,,,,,,,,,,,,,,,,,,,,,,,,,,,,,,,,,,,,,,,,,,,,,,,,,,,,,,,,,"permanenta bost�der, flerbostadshus med elv�rme, kollektivleveranser",428,445,405,370,372,383.0,353.0,,,,,,,,,,,,,,,,,,,,,,,,,,,,
31,,,,,,,,,,,,,,,,,,,,,,,,,,,,,,,,,,,,,,,,,,,,,,,,,,,,,,,,,,,,,,,,,,,,,,,,,,,,,,,,,,,,,,,,,,,,,,,,,,,,,,,,,,,,,,"permanenta bost�der, flerbostadshus utan elv�rme, kollektivleveranser",732,719,735,692,690,691.0,688.0,,,,,,,,,,,,,,,,,,,,,,,,,,,,
32,,,,,,,,,,,,,,,,,,,,,,,,,,,,,,,,,,,,,,,,,,,,,,,,,,,,,,,,,,,,,,,,,,,,,,,,,,,,,,,,,,,,,,,,,,,,,,,,,,,,,,,,,,,,,,fritidsbost�der,2212,2426,2187,2203,2215,2464.0,2298.0,,,,,,,,,,,,,,,,,,,,,,,,,,,,
33,,,,,,,,,,,,,,,,,,,,,,,,,,,,,,,,,,,,,,,,,,,,,,,,,,,,,,,,,,,,,,,,,,,,,,,,,,,,,,,,,,,,,,,,,,,,,,,,,,,,,,,,,,,,,,summa slutlig f�rbrukning inom landet exkl. f�rluster,119637,127374,128815,128926,130658,132400.0,129767.0,,,,,,,,,,,,,,,,,,,,,,,,,,,,
34,,,,,,,,,,,,,,,,,,,,,,,,,,,,,,,,,,,,,,,,,,,,,,,,,,,,,,,,,,,,,,,,,,,,,,,,,,,,,,,,,,,,,,,,,,,,,,,,,,,,,,,,,,,,,,stamn�tsf�rluster,2038,2208,2015,2519,2413,2137.0,2611.0,,,,,,,,,,,,,,,,,,,,,,,,,,,,
35,,,,,,,,,,,,,,,,,,,,,,,,,,,,,,,,,,,,,,,,,,,,,,,,,,,,,,,,,,,,,,,,,,,,,,,,,,,,,,,,,,,,,,,,,,,,,,,,,,,,,,,,,,,,,,f�rluster exkl stamn�tsf�rluster,7351,7769,7673,6931,6874,6599.0,7245.0,,,,,,,,,,,,,,,,,,,,,,,,,,,,
36,,,,,,,,,,,,,,,,,,,,,,,,,,,,,,,,,,,,,,,,,,,,,,,,,,,,,,,,,,,,,,,,,,,,,,,,,,,,,,,,,,,,,,,,,,,,,,,,,,,,,,,,,,,,,,summa slutlig f�rbrukning inom landet inkl. f�rluster,129026,137351,138503,138376,139945,141137.0,139623.0,,,,,,,,,,,,,,,,,,,,,,,,,,,,
0,,,,,,,,,,,,,,,,,,,,,,,,,,,,,,,,,,,,,,,,,,,,,,,,,,,,,,,,,,,,,,,,,,,,,,,,,,,,,,,,,,,,,,,,,,,,,,,,,,,,,,,,,,,,,,summa f�rbrukad el,,,,,,,,149191,145069,151847,152391,155492,160654,159226,160181,168799,163344,156821,164470,169558,157786.0,160937.0,158716.0,,,,,,,,,,,,
1,,,,,,,,,,,,,,,,,,,,,,,,,,,,,,,,,,,,,,,,,,,,,,,,,,,,,,,,,,,,,,,,,,,,,,,,,,,,,,,,,,,,,,,,,,,,,,,,,,,,,,,,,,,,,,export,,,,,,,,8565,6419,9401,9746,12960,16779,15938,13631,18454,14754,11457,17750,21971,11497.0,14735.0,14716.0,,,,,,,,,,,,
2,,,,,,,,,,,,,,,,,,,,,,,,,,,,,,,,,,,,,,,,,,,,,,,,,,,,,,,,,,,,,,,,,,,,,,,,,,,,,,,,,,,,,,,,,,,,,,,,,,,,,,,,,,,,,,"jord- o. skogsbruk o. fiske j�mte anslutna hush�ll med f�rbr. �ver 20 000 kWh, SNI92 jmf. 01, 02 och 05",,,,,,,,1725,1757,1718,2265,2401,2162,2072,1791,2184,2018,1917,1945,2462,2079.0,1890.0,1644.0,,,,,,,,,,,,
3,,,,,,,,,,,,,,,,,,,,,,,,,,,,,,,,,,,,,,,,,,,,,,,,,,,,,,,,,,,,,,,,,,,,,,,,,,,,,,,,,,,,,,,,,,,,,,,,,,,,,,,,,,,,,,"jord- o. skogsbruk o. fiske j�mte anslutna hush�ll med f�rbr. h�gst 20 000 kWh, SNI92 jmf. 01, 02 och 05",,,,,,,,1524,1523,1581,1243,1113,1006,1129,1184,1094,1262,1176,1165,1350,1173.0,1077.0,1004.0,,,,,,,,,,,,
4,,,,,,,,,,,,,,,,,,,,,,,,,,,,,,,,,,,,,,,,,,,,,,,,,,,,,,,,,,,,,,,,,,,,,,,,,,,,,,,,,,,,,,,,,,,,,,,,,,,,,,,,,,,,,,"tillverkningsindustri och utvinning av mineraler, SNI92 jmf. 10-37",,,,,,,,50025,50432,52046,52244,53496,54684,55309,57804,57119,56412,55301,56228,56698,57406.0,57944.0,56625.0,,,,,,,,,,,,
5,,,,,,,,,,,,,,,,,,,,,,,,,,,,,,,,,,,,,,,,,,,,,,,,,,,,,,,,,,,,,,,,,,,,,,,,,,,,,,,,,,,,,,,,,,,,,,,,,,,,,,,,,,,,,,"elf�rs�rjning kontor, lager o.d., SNI92 jmf. 40.1",,,,,,,,182,203,192,431,437,409,370,392,405,393,237,..,250,157.0,183.0,113.0,,,,,,,,,,,,
6,,,,,,,,,,,,,,,,,,,,,,,,,,,,,,,,,,,,,,,,,,,,,,,,,,,,,,,,,,,,,,,,,,,,,,,,,,,,,,,,,,,,,,,,,,,,,,,,,,,,,,,,,,,,,,"gasf�rs�rjning, SNI92 jmf. 40.2",,,,,,,,68,72,102,73,102,59,49,80,75,68,78,74,62,76.0,66.0,76.0,,,,,,,,,,,,
7,,,,,,,,,,,,,,,,,,,,,,,,,,,,,,,,,,,,,,,,,,,,,,,,,,,,,,,,,,,,,,,,,,,,,,,,,,,,,,,,,,,,,,,,,,,,,,,,,,,,,,,,,,,,,,"�ng och hetvattenf�rs�rjning, v�rmeverksdrift, SNI92 jmf. 40.3",,,,,,,,1310,1374,1370,1350,1296,1493,1472,1407,1423,1519,1802,1885,1661,1714.0,1879.0,1906.0,,,,,,,,,,,,
8,,,,,,,,,,,,,,,,,,,,,,,,,,,,,,,,,,,,,,,,,,,,,,,,,,,,,,,,,,,,,,,,,,,,,,,,,,,,,,,,,,,,,,,,,,,,,,,,,,,,,,,,,,,,,,"�ng och hetvattenf�rs�rjning, elpannor och v�rmepumpar, SNI92 jmf. 40.3",,,,,,,,7431,5044,5653,4110,4585,4065,3775,4272,3906,3443,2516,2355,2086,1870.0,2246.0,1721.0,,,,,,,,,,,,
9,,,,,,,,,,,,,,,,,,,,,,,,,,,,,,,,,,,,,,,,,,,,,,,,,,,,,,,,,,,,,,,,,,,,,,,,,,,,,,,,,,,,,,,,,,,,,,,,,,,,,,,,,,,,,,gatu- och v�gbelysning,,,,,,,,1060,1089,1073,977,1022,993,1004,909,1010,993,943,995,851,870.0,753.0,637.0,,,,,,,,,,,,
10,,,,,,,,,,,,,,,,,,,,,,,,,,,,,,,,,,,,,,,,,,,,,,,,,,,,,,,,,,,,,,,,,,,,,,,,,,,,,,,,,,,,,,,,,,,,,,,,,,,,,,,,,,,,,,"vattenverk och avloppsrening, SNI92 jmf. 41 och 90",,,,,,,,..,..,..,958,983,..,..,..,..,..,..,..,..,0.0,0.0,0.0,,,,,,,,,,,,
11,,,,,,,,,,,,,,,,,,,,,,,,,,,,,,,,,,,,,,,,,,,,,,,,,,,,,,,,,,,,,,,,,,,,,,,,,,,,,,,,,,,,,,,,,,,,,,,,,,,,,,,,,,,,,,"avfallshantering och renh�llning, SNI92 jmf. 90",,,,,,,,..,..,..,440,367,..,..,..,..,..,..,..,..,0.0,0.0,0.0,,,,,,,,,,,,
12,,,,,,,,,,,,,,,,,,,,,,,,,,,,,,,,,,,,,,,,,,,,,,,,,,,,,,,,,,,,,,,,,,,,,,,,,,,,,,,,,,,,,,,,,,,,,,,,,,,,,,,,,,,,,,"vattenverk, SNI92 jmf. 41 ",,,,,,,,712,713,688,..,..,791,710,695,723,734,716,693,643,644.0,612.0,572.0,,,,,,,,,,,,
13,,,,,,,,,,,,,,,,,,,,,,,,,,,,,,,,,,,,,,,,,,,,,,,,,,,,,,,,,,,,,,,,,,,,,,,,,,,,,,,,,,,,,,,,,,,,,,,,,,,,,,,,,,,,,,"avloppsrening, avfallshantering och renh�llning, SNI92 jmf. 90",,,,,,,,813,835,869,..,..,526,577,627,653,668,682,701,690,715.0,702.0,757.0,,,,,,,,,,,,
14,,,,,,,,,,,,,,,,,,,,,,,,,,,,,,,,,,,,,,,,,,,,,,,,,,,,,,,,,,,,,,,,,,,,,,,,,,,,,,,,,,,,,,,,,,,,,,,,,,,,,,,,,,,,,,"byggnads- och anl�ggningsverksamhet, SNI92 jmf. 45",,,,,,,,819,700,665,678,733,676,662,657,790,861,806,805,803,873.0,880.0,942.0,,,,,,,,,,,,
15,,,,,,,,,,,,,,,,,,,,,,,,,,,,,,,,,,,,,,,,,,,,,,,,,,,,,,,,,,,,,,,,,,,,,,,,,,,,,,,,,,,,,,,,,,,,,,,,,,,,,,,,,,,,,,"partihandel utom med motorfordon, SNI92 jmf. 51",,,,,,,,968,986,991,1285,1117,1170,1185,1294,1367,1401,1370,1341,1344,1344.0,1375.0,1305.0,,,,,,,,,,,,
16,,,,,,,,,,,,,,,,,,,,,,,,,,,,,,,,,,,,,,,,,,,,,,,,,,,,,,,,,,,,,,,,,,,,,,,,,,,,,,,,,,,,,,,,,,,,,,,,,,,,,,,,,,,,,,"detaljhandel samt handel och service av motorfordon, SNI92 jmf. 50 och 52",,,,,,,,4206,4201,4325,4299,4444,4375,4457,4562,4596,4465,4544,4526,4386,4470.0,4519.0,4514.0,,,,,,,,,,,,
17,,,,,,,,,,,,,,,,,,,,,,,,,,,,,,,,,,,,,,,,,,,,,,,,,,,,,,,,,,,,,,,,,,,,,,,,,,,,,,,,,,,,,,,,,,,,,,,,,,,,,,,,,,,,,,"hotell- och restaurangverksamhet, SNI92 jmf. 55",,,,,,,,1025,1238,1102,1163,1239,1377,1339,1333,1447,1446,1393,1431,1445,1458.0,1481.0,1674.0,,,,,,,,,,,,
18,,,,,,,,,,,,,,,,,,,,,,,,,,,,,,,,,,,,,,,,,,,,,,,,,,,,,,,,,,,,,,,,,,,,,,,,,,,,,,,,,,,,,,,,,,,,,,,,,,,,,,,,,,,,,,"j�rnv�gstransport och kollektivtrafikverksamhet, SNI92 jmf. 60.1-60.211",,,,,,,,2340,2469,2718,3067,2955,2796,3016,3194,2862,2867,2838,2989,2818,2885.0,2864.0,2745.0,,,,,,,,,,,,
19,,,,,,,,,,,,,,,,,,,,,,,,,,,,,,,,,,,,,,,,,,,,,,,,,,,,,,,,,,,,,,,,,,,,,,,,,,,,,,,,,,,,,,,,,,,,,,,,,,,,,,,,,,,,,,"annan typ av transport och st�dtj�nster till transporter, SNI92 jmf. 60.212, 60.22-60.24 och 61-63",,,,,,,,926,943,920,685,867,850,805,825,1014,993,931,1029,998,1007.0,968.0,1049.0,,,,,,,,,,,,
20,,,,,,,,,,,,,,,,,,,,,,,,,,,,,,,,,,,,,,,,,,,,,,,,,,,,,,,,,,,,,,,,,,,,,,,,,,,,,,,,,,,,,,,,,,,,,,,,,,,,,,,,,,,,,,"post och telekommunikation, SNI92 jmf. 64",,,,,,,,566,623,666,644,589,639,635,607,709,659,717,739,721,740.0,823.0,867.0,,,,,,,,,,,,
21,,,,,,,,,,,,,,,,,,,,,,,,,,,,,,,,,,,,,,,,,,,,,,,,,,,,,,,,,,,,,,,,,,,,,,,,,,,,,,,,,,,,,,,,,,,,,,,,,,,,,,,,,,,,,,"bank- och f�rs�kringsverksamhet, SNI92 jmf. 65-67",,,,,,,,527,552,523,542,571,557,535,502,554,489,477,525,586,539.0,522.0,542.0,,,,,,,,,,,,
22,,,,,,,,,,,,,,,,,,,,,,,,,,,,,,,,,,,,,,,,,,,,,,,,,,,,,,,,,,,,,,,,,,,,,,,,,,,,,,,,,,,,,,,,,,,,,,,,,,,,,,,,,,,,,,"fastighetsf�rvaltning, bostadsfastigheter, SNI92 jmf. 70 ",,,,,,,,5272,5291,6109,6387,6059,6181,6313,6488,6866,7285,7219,7049,5967,5487.0,5773.0,5536.0,,,,,,,,,,,,
23,,,,,,,,,,,,,,,,,,,,,,,,,,,,,,,,,,,,,,,,,,,,,,,,,,,,,,,,,,,,,,,,,,,,,,,,,,,,,,,,,,,,,,,,,,,,,,,,,,,,,,,,,,,,,,"fastighetsf�rvaltning, fastigheter exklusive bostadsfastigheter, SNI92 jmf. 70",,,,,,,,1948,1903,1345,1501,1686,1846,1733,1732,1648,1630,1496,2034,3619,3919.0,4303.0,4796.0,,,,,,,,,,,,
24,,,,,,,,,,,,,,,,,,,,,,,,,,,,,,,,,,,,,,,,,,,,,,,,,,,,,,,,,,,,,,,,,,,,,,,,,,,,,,,,,,,,,,,,,,,,,,,,,,,,,,,,,,,,,,"uthyrning, ADB och andra f�retagstj�nster, SNI92 jmf. 71, 72 och 74",,,,,,,,1524,1729,1706,1788,1011,1244,1300,1449,1693,1512,1497,1366,1404,1423.0,1347.0,1458.0,,,,,,,,,,,,
25,,,,,,,,,,,,,,,,,,,,,,,,,,,,,,,,,,,,,,,,,,,,,,,,,,,,,,,,,,,,,,,,,,,,,,,,,,,,,,,,,,,,,,,,,,,,,,,,,,,,,,,,,,,,,,"offentlig f�rvaltning, SNI92 jmf. 75",,,,,,,,1743,1645,1702,1654,1679,1769,1560,1514,1651,1697,1756,1799,1532,1475.0,1555.0,1077.0,,,,,,,,,,,,
26,,,,,,,,,,,,,,,,,,,,,,,,,,,,,,,,,,,,,,,,,,,,,,,,,,,,,,,,,,,,,,,,,,,,,,,,,,,,,,,,,,,,,,,,,,,,,,,,,,,,,,,,,,,,,,"utbildning, forskning och utveckling, SNI92 jmf. 80 och 73",,,,,,,,2442,2451,2583,2482,2413,2477,2463,2431,2460,2422,2284,2417,2289,2260.0,2111.0,2590.0,,,,,,,,,,,,
27,,,,,,,,,,,,,,,,,,,,,,,,,,,,,,,,,,,,,,,,,,,,,,,,,,,,,,,,,,,,,,,,,,,,,,,,,,,,,,,,,,,,,,,,,,,,,,,,,,,,,,,,,,,,,,"h�lso- och sjukv�rd, sociala tj�nster o.d., SNI92 jmf. 85",,,,,,,,3159,3163,3143,3038,3190,3009,2908,3056,3106,3231,3230,3358,3399,3310.0,3266.0,3353.0,,,,,,,,,,,,
28,,,,,,,,,,,,,,,,,,,,,,,,,,,,,,,,,,,,,,,,,,,,,,,,,,,,,,,,,,,,,,,,,,,,,,,,,,,,,,,,,,,,,,,,,,,,,,,,,,,,,,,,,,,,,,"intressebevakning och personliga tj�nster, SNI92 jmf. 91, 93 och 96",,,,,,,,1663,1416,1488,1334,1214,1291,1313,1249,1195,1086,999,970,1022,1020.0,1000.0,1054.0,,,,,,,,,,,,
29,,,,,,,,,,,,,,,,,,,,,,,,,,,,,,,,,,,,,,,,,,,,,,,,,,,,,,,,,,,,,,,,,,,,,,,,,,,,,,,,,,,,,,,,,,,,,,,,,,,,,,,,,,,,,,"sport, fritid och kultur, SNI92 jmf. 92",,,,,,,,1401,1399,1490,1521,1891,1665,1709,1654,1929,2020,2014,1836,1722,1782.0,1736.0,1516.0,,,,,,,,,,,,
30,,,,,,,,,,,,,,,,,,,,,,,,,,,,,,,,,,,,,,,,,,,,,,,,,,,,,,,,,,,,,,,,,,,,,,,,,,,,,,,,,,,,,,,,,,,,,,,,,,,,,,,,,,,,,,"permanenta bost�der, sm�hus med f�rbrukning �ver 10 000 kWh",,,,,,,,..,..,..,21448,20700,20932,20522,19827,22037,20617,21156,21046,20282,20712.0,19643.0,20024.0,,,,,,,,,,,,
31,,,,,,,,,,,,,,,,,,,,,,,,,,,,,,,,,,,,,,,,,,,,,,,,,,,,,,,,,,,,,,,,,,,,,,,,,,,,,,,,,,,,,,,,,,,,,,,,,,,,,,,,,,,,,,"permanenta bost�der, sm�hus med f�rbrukning h�gst 10 000 kWh",,,,,,,,..,..,..,6202,5229,5385,5362,5581,5229,5908,5819,5799,5792,5576.0,5510.0,5144.0,,,,,,,,,,,,
32,,,,,,,,,,,,,,,,,,,,,,,,,,,,,,,,,,,,,,,,,,,,,,,,,,,,,,,,,,,,,,,,,,,,,,,,,,,,,,,,,,,,,,,,,,,,,,,,,,,,,,,,,,,,,,"permanenta bost�der, sm�hus med enbart elv�rme",,,,,,,,17040,17598,17402,..,..,..,..,..,..,..,..,..,..,0.0,0.0,0.0,,,,,,,,,,,,
33,,,,,,,,,,,,,,,,,,,,,,,,,,,,,,,,,,,,,,,,,,,,,,,,,,,,,,,,,,,,,,,,,,,,,,,,,,,,,,,,,,,,,,,,,,,,,,,,,,,,,,,,,,,,,,"permanenta bost�der, sm�hus med elv�rme i komb. med andra energislag",,,,,,,,5229,5163,4988,..,..,..,..,..,..,..,..,..,..,0.0,0.0,0.0,,,,,,,,,,,,
34,,,,,,,,,,,,,,,,,,,,,,,,,,,,,,,,,,,,,,,,,,,,,,,,,,,,,,,,,,,,,,,,,,,,,,,,,,,,,,,,,,,,,,,,,,,,,,,,,,,,,,,,,,,,,,"permanenta bost�der, sm�hus utan elv�rme",,,,,,,,4341,4443,4454,..,..,..,..,..,..,..,..,..,..,0.0,0.0,0.0,,,,,,,,,,,,
35,,,,,,,,,,,,,,,,,,,,,,,,,,,,,,,,,,,,,,,,,,,,,,,,,,,,,,,,,,,,,,,,,,,,,,,,,,,,,,,,,,,,,,,,,,,,,,,,,,,,,,,,,,,,,,"permanenta bost�der, flerbostadshus, direktlev. med f�rbrukning �ver 5 000 kWh",,,,,,,,..,..,..,875,1061,1076,1034,935,1020,922,964,1040,1121,1196.0,1131.0,1131.0,,,,,,,,,,,,
36,,,,,,,,,,,,,,,,,,,,,,,,,,,,,,,,,,,,,,,,,,,,,,,,,,,,,,,,,,,,,,,,,,,,,,,,,,,,,,,,,,,,,,,,,,,,,,,,,,,,,,,,,,,,,,"permanenta bost�der, flerbostadshus, direktlev. med f�rbrukning h�gst 5 000 kWh",,,,,,,,..,..,..,4426,4380,4209,4268,4339,4471,4362,4478,4438,4406,4441.0,4347.0,4347.0,,,,,,,,,,,,
37,,,,,,,,,,,,,,,,,,,,,,,,,,,,,,,,,,,,,,,,,,,,,,,,,,,,,,,,,,,,,,,,,,,,,,,,,,,,,,,,,,,,,,,,,,,,,,,,,,,,,,,,,,,,,,"permanenta bost�der, flerbostadshus med elv�rme, direktleveranser",,,,,,,,810,823,807,..,..,..,..,..,..,..,..,..,..,0.0,0.0,0.0,,,,,,,,,,,,
38,,,,,,,,,,,,,,,,,,,,,,,,,,,,,,,,,,,,,,,,,,,,,,,,,,,,,,,,,,,,,,,,,,,,,,,,,,,,,,,,,,,,,,,,,,,,,,,,,,,,,,,,,,,,,,"permanenta bost�der, flerbostadshus utan elv�rme, direktleveranser",,,,,,,,4353,4354,4552,..,..,..,..,..,..,..,..,..,..,0.0,0.0,0.0,,,,,,,,,,,,
39,,,,,,,,,,,,,,,,,,,,,,,,,,,,,,,,,,,,,,,,,,,,,,,,,,,,,,,,,,,,,,,,,,,,,,,,,,,,,,,,,,,,,,,,,,,,,,,,,,,,,,,,,,,,,,"permanenta bost�der, flerbostadshus, kollektivleveranser",,,,,,,,1027,947,942,835,818,719,676,540,573,542,594,510,475,517.0,537.0,516.0,,,,,,,,,,,,
40,,,,,,,,,,,,,,,,,,,,,,,,,,,,,,,,,,,,,,,,,,,,,,,,,,,,,,,,,,,,,,,,,,,,,,,,,,,,,,,,,,,,,,,,,,,,,,,,,,,,,,,,,,,,,,fritidsbost�der,,,,,,,,2392,2528,2476,2357,2454,2512,2457,2526,2735,2782,2731,2357,2348,2365.0,2289.0,2320.0,,,,,,,,,,,,
41,,,,,,,,,,,,,,,,,,,,,,,,,,,,,,,,,,,,,,,,,,,,,,,,,,,,,,,,,,,,,,,,,,,,,,,,,,,,,,,,,,,,,,,,,,,,,,,,,,,,,,,,,,,,,,summa slutlig f�rbrukning inom landet exkl. f�rluster,,,,,,,,130599,129616,132387,132300,132102,132940,132718,135456,138542,136709,134663,135695,135230,135503.0,135332.0,133544.0,,,,,,,,,,,,
42,,,,,,,,,,,,,,,,,,,,,,,,,,,,,,,,,,,,,,,,,,,,,,,,,,,,,,,,,,,,,,,,,,,,,,,,,,,,,,,,,,,,,,,,,,,,,,,,,,,,,,,,,,,,,,stamn�tsf�rluster,,,,,,,,2595,1822,2230,2110,2478,2519,2400,3100,2841,2801,2569,2763,3341,2509.0,2577.0,2898.0,,,,,,,,,,,,
43,,,,,,,,,,,,,,,,,,,,,,,,,,,,,,,,,,,,,,,,,,,,,,,,,,,,,,,,,,,,,,,,,,,,,,,,,,,,,,,,,,,,,,,,,,,,,,,,,,,,,,,,,,,,,,f�rluster exkl stamn�tsf�rluster,,,,,,,,7432,7213,7829,8236,7952,8416,8170,7994,8961,9082,8132,8261,9016,8276.0,8313.0,7558.0,,,,,,,,,,,,
44,,,,,,,,,,,,,,,,,,,,,,,,,,,,,,,,,,,,,,,,,,,,,,,,,,,,,,,,,,,,,,,,,,,,,,,,,,,,,,,,,,,,,,,,,,,,,,,,,,,,,,,,,,,,,,summa slutlig f�rbrukning inom landet inkl. f�rluster,,,,,,,,140626,138650,142446,142645,142532,143875,143288,146550,150345,148592,145364,146720,147587,146289.0,146202.0,144000.0,,,,,,,,,,,,
0,,,,,,,,,,,,,,,,,,,,,,,,,,,,,,,,,,,,,,,,,,,,,,,,,,,,,,,,,,,,,,,,,,,,,,,,,,,,,,,,,,,,,,,,,,,,,,,,,,,,,,,,,,,,,,summa f�rbrukad el,,,,,,,,,,,,,,,,,,156821,164470,169558,157786.0,160937.0,158716.0,146971.0,,,,,,,,,,,
1,,,,,,,,,,,,,,,,,,,,,,,,,,,,,,,,,,,,,,,,,,,,,,,,,,,,,,,,,,,,,,,,,,,,,,,,,,,,,,,,,,,,,,,,,,,,,,,,,,,,,,,,,,,,,,export,,,,,,,,,,,,,,,,,,11457,17750,21971,11497.0,14735.0,14716.0,9085.0,,,,,,,,,,,
2,,,,,,,,,,,,,,,,,,,,,,,,,,,,,,,,,,,,,,,,,,,,,,,,,,,,,,,,,,,,,,,,,,,,,,,,,,,,,,,,,,,,,,,,,,,,,,,,,,,,,,,,,,,,,,"jord- o. skogsbruk o. fiske j�mte anslutna hush�ll med f�rbr. �ver 20 000 kWh, SNI2002 jmf. 01, 02 och 05",,,,,,,,,,,,,,,,,,1917,1945,2462,2079.0,1890.0,1644.0,2072.0,,,,,,,,,,,
3,,,,,,,,,,,,,,,,,,,,,,,,,,,,,,,,,,,,,,,,,,,,,,,,,,,,,,,,,,,,,,,,,,,,,,,,,,,,,,,,,,,,,,,,,,,,,,,,,,,,,,,,,,,,,,"jord- o. skogsbruk o. fiske j�mte anslutna hush�ll med f�rbr. h�gst 20 000 kWh, SNI2002 jmf. 01, 02 och 05",,,,,,,,,,,,,,,,,,1176,1165,1350,1173.0,1077.0,1004.0,973.0,,,,,,,,,,,
4,,,,,,,,,,,,,,,,,,,,,,,,,,,,,,,,,,,,,,,,,,,,,,,,,,,,,,,,,,,,,,,,,,,,,,,,,,,,,,,,,,,,,,,,,,,,,,,,,,,,,,,,,,,,,,"tillverkningsindustri och utvinning av mineraler, SNI2002 jmf. 10-37",,,,,,,,,,,,,,,,,,55301,56228,56698,57406.0,57944.0,56625.0,50657.0,,,,,,,,,,,
5,,,,,,,,,,,,,,,,,,,,,,,,,,,,,,,,,,,,,,,,,,,,,,,,,,,,,,,,,,,,,,,,,,,,,,,,,,,,,,,,,,,,,,,,,,,,,,,,,,,,,,,,,,,,,,"elf�rs�rjning kontor, lager o.d., SNI2002 jmf. 40.1",,,,,,,,,,,,,,,,,,237,0,250,157.0,183.0,113.0,131.0,,,,,,,,,,,
6,,,,,,,,,,,,,,,,,,,,,,,,,,,,,,,,,,,,,,,,,,,,,,,,,,,,,,,,,,,,,,,,,,,,,,,,,,,,,,,,,,,,,,,,,,,,,,,,,,,,,,,,,,,,,,"gasf�rs�rjning, SNI2002 jmf. 40.2",,,,,,,,,,,,,,,,,,78,74,62,76.0,66.0,76.0,131.0,,,,,,,,,,,
7,,,,,,,,,,,,,,,,,,,,,,,,,,,,,,,,,,,,,,,,,,,,,,,,,,,,,,,,,,,,,,,,,,,,,,,,,,,,,,,,,,,,,,,,,,,,,,,,,,,,,,,,,,,,,,"�ng och hetvattenf�rs�rjning, v�rmeverksdrift, SNI2002 jmf. 40.3",,,,,,,,,,,,,,,,,,1802,1885,1661,1714.0,1879.0,1906.0,1983.0,,,,,,,,,,,
8,,,,,,,,,,,,,,,,,,,,,,,,,,,,,,,,,,,,,,,,,,,,,,,,,,,,,,,,,,,,,,,,,,,,,,,,,,,,,,,,,,,,,,,,,,,,,,,,,,,,,,,,,,,,,,"�ng och hetvattenf�rs�rjning, elpannor och v�rmepumpar, SNI2002 jmf. 40.3",,,,,,,,,,,,,,,,,,2516,2355,2086,1870.0,2246.0,1721.0,1634.0,,,,,,,,,,,
9,,,,,,,,,,,,,,,,,,,,,,,,,,,,,,,,,,,,,,,,,,,,,,,,,,,,,,,,,,,,,,,,,,,,,,,,,,,,,,,,,,,,,,,,,,,,,,,,,,,,,,,,,,,,,,gatu- och v�gbelysning,,,,,,,,,,,,,,,,,,943,995,851,870.0,753.0,637.0,746.0,,,,,,,,,,,
10,,,,,,,,,,,,,,,,,,,,,,,,,,,,,,,,,,,,,,,,,,,,,,,,,,,,,,,,,,,,,,,,,,,,,,,,,,,,,,,,,,,,,,,,,,,,,,,,,,,,,,,,,,,,,,"vattenverk och avloppsrening, SNI2002 jmf. 41 och 90",,,,,,,,,,,,,,,,,,0,0,0,0.0,0.0,0.0,0.0,,,,,,,,,,,
11,,,,,,,,,,,,,,,,,,,,,,,,,,,,,,,,,,,,,,,,,,,,,,,,,,,,,,,,,,,,,,,,,,,,,,,,,,,,,,,,,,,,,,,,,,,,,,,,,,,,,,,,,,,,,,"avfallshantering och renh�llning, SNI2002 jmf. 90",,,,,,,,,,,,,,,,,,0,0,0,0.0,0.0,0.0,0.0,,,,,,,,,,,
12,,,,,,,,,,,,,,,,,,,,,,,,,,,,,,,,,,,,,,,,,,,,,,,,,,,,,,,,,,,,,,,,,,,,,,,,,,,,,,,,,,,,,,,,,,,,,,,,,,,,,,,,,,,,,,"vattenverk, SNI2002 jmf. 41 ",,,,,,,,,,,,,,,,,,716,693,643,644.0,612.0,572.0,556.0,,,,,,,,,,,
13,,,,,,,,,,,,,,,,,,,,,,,,,,,,,,,,,,,,,,,,,,,,,,,,,,,,,,,,,,,,,,,,,,,,,,,,,,,,,,,,,,,,,,,,,,,,,,,,,,,,,,,,,,,,,,"avloppsrening, avfallshantering och renh�llning, SNI2002 jmf. 90",,,,,,,,,,,,,,,,,,682,701,690,715.0,702.0,757.0,726.0,,,,,,,,,,,
14,,,,,,,,,,,,,,,,,,,,,,,,,,,,,,,,,,,,,,,,,,,,,,,,,,,,,,,,,,,,,,,,,,,,,,,,,,,,,,,,,,,,,,,,,,,,,,,,,,,,,,,,,,,,,,"byggnads- och anl�ggningsverksamhet, SNI2002 jmf. 45",,,,,,,,,,,,,,,,,,806,805,803,873.0,880.0,942.0,1074.0,,,,,,,,,,,
15,,,,,,,,,,,,,,,,,,,,,,,,,,,,,,,,,,,,,,,,,,,,,,,,,,,,,,,,,,,,,,,,,,,,,,,,,,,,,,,,,,,,,,,,,,,,,,,,,,,,,,,,,,,,,,"partihandel utom med motorfordon, SNI2002 jmf. 51",,,,,,,,,,,,,,,,,,1370,1341,1344,1344.0,1375.0,1305.0,1325.0,,,,,,,,,,,
16,,,,,,,,,,,,,,,,,,,,,,,,,,,,,,,,,,,,,,,,,,,,,,,,,,,,,,,,,,,,,,,,,,,,,,,,,,,,,,,,,,,,,,,,,,,,,,,,,,,,,,,,,,,,,,"detaljhandel samt handel och service av motorfordon, SNI2002 jmf. 50 och 52",,,,,,,,,,,,,,,,,,4544,4526,4386,4470.0,4519.0,4514.0,4445.0,,,,,,,,,,,
17,,,,,,,,,,,,,,,,,,,,,,,,,,,,,,,,,,,,,,,,,,,,,,,,,,,,,,,,,,,,,,,,,,,,,,,,,,,,,,,,,,,,,,,,,,,,,,,,,,,,,,,,,,,,,,"hotell- och restaurangverksamhet, SNI2002 jmf. 55",,,,,,,,,,,,,,,,,,1393,1431,1445,1458.0,1481.0,1674.0,1599.0,,,,,,,,,,,
18,,,,,,,,,,,,,,,,,,,,,,,,,,,,,,,,,,,,,,,,,,,,,,,,,,,,,,,,,,,,,,,,,,,,,,,,,,,,,,,,,,,,,,,,,,,,,,,,,,,,,,,,,,,,,,"j�rnv�gstransport och kollektivtrafikverksamhet, SNI2002 jmf. 60.1-60.211",,,,,,,,,,,,,,,,,,2838,2989,2818,2885.0,2864.0,2745.0,2442.0,,,,,,,,,,,
19,,,,,,,,,,,,,,,,,,,,,,,,,,,,,,,,,,,,,,,,,,,,,,,,,,,,,,,,,,,,,,,,,,,,,,,,,,,,,,,,,,,,,,,,,,,,,,,,,,,,,,,,,,,,,,"annan typ av transport och st�dtj�nster till transporter, SNI2002 jmf. 60.212, 60.22-60.24 och 61-63",,,,,,,,,,,,,,,,,,931,1029,998,1007.0,968.0,1049.0,914.0,,,,,,,,,,,
20,,,,,,,,,,,,,,,,,,,,,,,,,,,,,,,,,,,,,,,,,,,,,,,,,,,,,,,,,,,,,,,,,,,,,,,,,,,,,,,,,,,,,,,,,,,,,,,,,,,,,,,,,,,,,,"post och telekommunikation, SNI2002 jmf. 64",,,,,,,,,,,,,,,,,,717,739,721,740.0,823.0,867.0,451.0,,,,,,,,,,,
21,,,,,,,,,,,,,,,,,,,,,,,,,,,,,,,,,,,,,,,,,,,,,,,,,,,,,,,,,,,,,,,,,,,,,,,,,,,,,,,,,,,,,,,,,,,,,,,,,,,,,,,,,,,,,,"bank- och f�rs�kringsverksamhet, SNI2002 jmf. 65-67",,,,,,,,,,,,,,,,,,477,525,586,539.0,522.0,542.0,510.0,,,,,,,,,,,
22,,,,,,,,,,,,,,,,,,,,,,,,,,,,,,,,,,,,,,,,,,,,,,,,,,,,,,,,,,,,,,,,,,,,,,,,,,,,,,,,,,,,,,,,,,,,,,,,,,,,,,,,,,,,,,"fastighetsf�rvaltning, bostadsfastigheter, SNI2002 jmf. 70 ",,,,,,,,,,,,,,,,,,7219,7049,5967,5487.0,5773.0,5536.0,5910.0,,,,,,,,,,,
23,,,,,,,,,,,,,,,,,,,,,,,,,,,,,,,,,,,,,,,,,,,,,,,,,,,,,,,,,,,,,,,,,,,,,,,,,,,,,,,,,,,,,,,,,,,,,,,,,,,,,,,,,,,,,,"fastighetsf�rvaltning, fastigheter exklusive bostadsfastigheter, SNI2002 jmf. 70",,,,,,,,,,,,,,,,,,1496,2034,3619,3919.0,4303.0,4796.0,5081.0,,,,,,,,,,,
24,,,,,,,,,,,,,,,,,,,,,,,,,,,,,,,,,,,,,,,,,,,,,,,,,,,,,,,,,,,,,,,,,,,,,,,,,,,,,,,,,,,,,,,,,,,,,,,,,,,,,,,,,,,,,,"uthyrning, ADB och andra f�retagstj�nster, SNI2002 jmf. 71, 72 och 74",,,,,,,,,,,,,,,,,,1497,1366,1404,1423.0,1347.0,1458.0,1298.0,,,,,,,,,,,
25,,,,,,,,,,,,,,,,,,,,,,,,,,,,,,,,,,,,,,,,,,,,,,,,,,,,,,,,,,,,,,,,,,,,,,,,,,,,,,,,,,,,,,,,,,,,,,,,,,,,,,,,,,,,,,"offentlig f�rvaltning, SNI2002 jmf. 75",,,,,,,,,,,,,,,,,,1756,1799,1532,1475.0,1555.0,1077.0,1004.0,,,,,,,,,,,
26,,,,,,,,,,,,,,,,,,,,,,,,,,,,,,,,,,,,,,,,,,,,,,,,,,,,,,,,,,,,,,,,,,,,,,,,,,,,,,,,,,,,,,,,,,,,,,,,,,,,,,,,,,,,,,"utbildning, forskning och utveckling, SNI2002 jmf. 80 och 73",,,,,,,,,,,,,,,,,,2284,2417,2289,2260.0,2111.0,2590.0,2548.0,,,,,,,,,,,
27,,,,,,,,,,,,,,,,,,,,,,,,,,,,,,,,,,,,,,,,,,,,,,,,,,,,,,,,,,,,,,,,,,,,,,,,,,,,,,,,,,,,,,,,,,,,,,,,,,,,,,,,,,,,,,"h�lso- och sjukv�rd, sociala tj�nster o.d., SNI2002 jmf. 85",,,,,,,,,,,,,,,,,,3230,3358,3399,3310.0,3266.0,3353.0,2789.0,,,,,,,,,,,
28,,,,,,,,,,,,,,,,,,,,,,,,,,,,,,,,,,,,,,,,,,,,,,,,,,,,,,,,,,,,,,,,,,,,,,,,,,,,,,,,,,,,,,,,,,,,,,,,,,,,,,,,,,,,,,"intressebevakning och personliga tj�nster, SNI2002 jmf. 91, 93 och 96",,,,,,,,,,,,,,,,,,999,970,1022,1020.0,1000.0,1054.0,855.0,,,,,,,,,,,
29,,,,,,,,,,,,,,,,,,,,,,,,,,,,,,,,,,,,,,,,,,,,,,,,,,,,,,,,,,,,,,,,,,,,,,,,,,,,,,,,,,,,,,,,,,,,,,,,,,,,,,,,,,,,,,"sport, fritid och kultur, SNI2002 jmf. 92",,,,,,,,,,,,,,,,,,2014,1836,1722,1782.0,1736.0,1516.0,1974.0,,,,,,,,,,,
30,,,,,,,,,,,,,,,,,,,,,,,,,,,,,,,,,,,,,,,,,,,,,,,,,,,,,,,,,,,,,,,,,,,,,,,,,,,,,,,,,,,,,,,,,,,,,,,,,,,,,,,,,,,,,,"permanenta bost�der, sm�hus med f�rbrukning �ver 10 000 kWh",,,,,,,,,,,,,,,,,,21156,21046,20282,20712.0,19643.0,20024.0,20363.0,,,,,,,,,,,
31,,,,,,,,,,,,,,,,,,,,,,,,,,,,,,,,,,,,,,,,,,,,,,,,,,,,,,,,,,,,,,,,,,,,,,,,,,,,,,,,,,,,,,,,,,,,,,,,,,,,,,,,,,,,,,"permanenta bost�der, sm�hus med f�rbrukning h�gst 10 000 kWh",,,,,,,,,,,,,,,,,,5819,5799,5792,5576.0,5510.0,5144.0,4498.0,,,,,,,,,,,
32,,,,,,,,,,,,,,,,,,,,,,,,,,,,,,,,,,,,,,,,,,,,,,,,,,,,,,,,,,,,,,,,,,,,,,,,,,,,,,,,,,,,,,,,,,,,,,,,,,,,,,,,,,,,,,"permanenta bost�der, sm�hus med enbart elv�rme",,,,,,,,,,,,,,,,,,0,0,0,0.0,0.0,0.0,0.0,,,,,,,,,,,
33,,,,,,,,,,,,,,,,,,,,,,,,,,,,,,,,,,,,,,,,,,,,,,,,,,,,,,,,,,,,,,,,,,,,,,,,,,,,,,,,,,,,,,,,,,,,,,,,,,,,,,,,,,,,,,"permanenta bost�der, sm�hus med elv�rme i komb. med andra energislag",,,,,,,,,,,,,,,,,,0,0,0,0.0,0.0,0.0,0.0,,,,,,,,,,,
34,,,,,,,,,,,,,,,,,,,,,,,,,,,,,,,,,,,,,,,,,,,,,,,,,,,,,,,,,,,,,,,,,,,,,,,,,,,,,,,,,,,,,,,,,,,,,,,,,,,,,,,,,,,,,,"permanenta bost�der, sm�hus utan elv�rme",,,,,,,,,,,,,,,,,,0,0,0,0.0,0.0,0.0,0.0,,,,,,,,,,,
35,,,,,,,,,,,,,,,,,,,,,,,,,,,,,,,,,,,,,,,,,,,,,,,,,,,,,,,,,,,,,,,,,,,,,,,,,,,,,,,,,,,,,,,,,,,,,,,,,,,,,,,,,,,,,,"permanenta bost�der, flerbostadshus, direktlev. med f�rbrukning �ver 5 000 kWh",,,,,,,,,,,,,,,,,,964,1040,1121,1196.0,1131.0,1131.0,1396.0,,,,,,,,,,,
36,,,,,,,,,,,,,,,,,,,,,,,,,,,,,,,,,,,,,,,,,,,,,,,,,,,,,,,,,,,,,,,,,,,,,,,,,,,,,,,,,,,,,,,,,,,,,,,,,,,,,,,,,,,,,,"permanenta bost�der, flerbostadshus, direktlev. med f�rbrukning h�gst 5 000 kWh",,,,,,,,,,,,,,,,,,4478,4438,4406,4441.0,4347.0,4347.0,4203.0,,,,,,,,,,,
37,,,,,,,,,,,,,,,,,,,,,,,,,,,,,,,,,,,,,,,,,,,,,,,,,,,,,,,,,,,,,,,,,,,,,,,,,,,,,,,,,,,,,,,,,,,,,,,,,,,,,,,,,,,,,,"permanenta bost�der, flerbostadshus med elv�rme, direktleveranser",,,,,,,,,,,,,,,,,,0,0,0,0.0,0.0,0.0,0.0,,,,,,,,,,,
38,,,,,,,,,,,,,,,,,,,,,,,,,,,,,,,,,,,,,,,,,,,,,,,,,,,,,,,,,,,,,,,,,,,,,,,,,,,,,,,,,,,,,,,,,,,,,,,,,,,,,,,,,,,,,,"permanenta bost�der, flerbostadshus utan elv�rme, direktleveranser",,,,,,,,,,,,,,,,,,0,0,0,0.0,0.0,0.0,0.0,,,,,,,,,,,
39,,,,,,,,,,,,,,,,,,,,,,,,,,,,,,,,,,,,,,,,,,,,,,,,,,,,,,,,,,,,,,,,,,,,,,,,,,,,,,,,,,,,,,,,,,,,,,,,,,,,,,,,,,,,,,"permanenta bost�der, flerbostadshus, kollektivleveranser",,,,,,,,,,,,,,,,,,594,510,475,517.0,537.0,516.0,476.0,,,,,,,,,,,
40,,,,,,,,,,,,,,,,,,,,,,,,,,,,,,,,,,,,,,,,,,,,,,,,,,,,,,,,,,,,,,,,,,,,,,,,,,,,,,,,,,,,,,,,,,,,,,,,,,,,,,,,,,,,,,fritidsbost�der,,,,,,,,,,,,,,,,,,2731,2357,2348,2365.0,2289.0,2320.0,2998.0,,,,,,,,,,,
41,,,,,,,,,,,,,,,,,,,,,,,,,,,,,,,,,,,,,,,,,,,,,,,,,,,,,,,,,,,,,,,,,,,,,,,,,,,,,,,,,,,,,,,,,,,,,,,,,,,,,,,,,,,,,,summa slutlig f�rbrukning inom landet exkl. f�rluster,,,,,,,,,,,,,,,,,,134663,135695,135230,135503.0,135332.0,133544.0,128303.0,,,,,,,,,,,
42,,,,,,,,,,,,,,,,,,,,,,,,,,,,,,,,,,,,,,,,,,,,,,,,,,,,,,,,,,,,,,,,,,,,,,,,,,,,,,,,,,,,,,,,,,,,,,,,,,,,,,,,,,,,,,f�rluster exkl stamn�tsf�rluster,,,,,,,,,,,,,,,,,,8132,8261,9016,8276.0,8313.0,7558.0,6899.0,,,,,,,,,,,
43,,,,,,,,,,,,,,,,,,,,,,,,,,,,,,,,,,,,,,,,,,,,,,,,,,,,,,,,,,,,,,,,,,,,,,,,,,,,,,,,,,,,,,,,,,,,,,,,,,,,,,,,,,,,,,stamn�tsf�rluster,,,,,,,,,,,,,,,,,,2569,2763,3341,2509.0,2577.0,2898.0,2684.0,,,,,,,,,,,
44,,,,,,,,,,,,,,,,,,,,,,,,,,,,,,,,,,,,,,,,,,,,,,,,,,,,,,,,,,,,,,,,,,,,,,,,,,,,,,,,,,,,,,,,,,,,,,,,,,,,,,,,,,,,,,summa slutlig f�rbrukning inom landet inkl. f�rluster,,,,,,,,,,,,,,,,,,145364,146720,147587,146289.0,146202.0,144000.0,137886.0,,,,,,,,,,,
0,,,,,,,,,,,,,,,,,,,,,,,,,,,,,,,,,,,,,,,,,,,,,,,,,,,,,,,,,,,,,,,,,,,,,,,,,,,,,,,,,,,,,,,,,,,,,,,,,,,,,,,,,,,,,,summa f�rbrukad el,,,,,,,,,,,,,,,,,,,,,,,158716,146971.0,159844.0,160009.0,174124.0,161872.0,163808.0,168230.0,166786.0,172377.0,171862.0,174700.0,172725.0
1,,,,,,,,,,,,,,,,,,,,,,,,,,,,,,,,,,,,,,,,,,,,,,,,,,,,,,,,,,,,,,,,,,,,,,,,,,,,,,,,,,,,,,,,,,,,,,,,,,,,,,,,,,,,,,export,,,,,,,,,,,,,,,,,,,,,,,14716,9085.0,12853.0,19714.0,31254.0,22676.0,29475.0,31894.0,26022.0,30888.0,29425.0,35231.0,36824.0
2,,,,,,,,,,,,,,,,,,,,,,,,,,,,,,,,,,,,,,,,,,,,,,,,,,,,,,,,,,,,,,,,,,,,,,,,,,,,,,,,,,,,,,,,,,,,,,,,,,,,,,,,,,,,,,"jord- o. skogsbruk o.d. j�mte anslutna hush�ll med f�rbr. �ver 20 000 kWh, SNI2007 jmf. 01, 02 och 03",,,,,,,,,,,,,,,,,,,,,,,1644,2072.0,2289.0,1996.0,2184.0,2143.0,2029.0,2170.0,2215.0,2028.0,2083.0,1697.0,1808.0
3,,,,,,,,,,,,,,,,,,,,,,,,,,,,,,,,,,,,,,,,,,,,,,,,,,,,,,,,,,,,,,,,,,,,,,,,,,,,,,,,,,,,,,,,,,,,,,,,,,,,,,,,,,,,,,"jord- o. skogsbruk o. d. j�mte anslutna hush�ll med f�rbr. h�gst 20 000 kWh, SNI2007 jmf. 01, 02 och 03",,,,,,,,,,,,,,,,,,,,,,,1004,973.0,895.0,997.0,966.0,966.0,969.0,979.0,1012.0,832.0,893.0,863.0,844.0
4,,,,,,,,,,,,,,,,,,,,,,,,,,,,,,,,,,,,,,,,,,,,,,,,,,,,,,,,,,,,,,,,,,,,,,,,,,,,,,,,,,,,,,,,,,,,,,,,,,,,,,,,,,,,,,"tillverkning och utvinning av mineraler, SNI2007 jmf. 5-33",,,,,,,,,,,,,,,,,,,,,,,56625,50657.0,53359.0,53843.0,52981.0,50935.0,49552.0,48784.0,49506.0,49063.0,49081.0,47437.0,46327.0
5,,,,,,,,,,,,,,,,,,,,,,,,,,,,,,,,,,,,,,,,,,,,,,,,,,,,,,,,,,,,,,,,,,,,,,,,,,,,,,,,,,,,,,,,,,,,,,,,,,,,,,,,,,,,,,"elf�rs�rjning (kontor, lager o.d.), SNI2007 jmf. 35.1",,,,,,,,,,,,,,,,,,,,,,,113,131.0,165.0,208.0,197.0,205.0,162.0,214.0,222.0,174.0,198.0,238.0,803.0
6,,,,,,,,,,,,,,,,,,,,,,,,,,,,,,,,,,,,,,,,,,,,,,,,,,,,,,,,,,,,,,,,,,,,,,,,,,,,,,,,,,,,,,,,,,,,,,,,,,,,,,,,,,,,,,"gasf�rs�rjning (distr. av gasformiga br�nslen via r�rn�t), SNI2007 jmf. 35.2",,,,,,,,,,,,,,,,,,,,,,,76,131.0,93.0,90.0,123.0,110.0,118.0,129.0,168.0,114.0,126.0,109.0,122.0
7,,,,,,,,,,,,,,,,,,,,,,,,,,,,,,,,,,,,,,,,,,,,,,,,,,,,,,,,,,,,,,,,,,,,,,,,,,,,,,,,,,,,,,,,,,,,,,,,,,,,,,,,,,,,,,"f�rs�rjning av v�rme och kyla, v�rmeverksdrift, SNI2007 jmf. 35.3",,,,,,,,,,,,,,,,,,,,,,,1906,1983.0,2007.0,2063.0,2094.0,2001.0,1940.0,1910.0,2088.0,2172.0,1914.0,1947.0,1952.0
8,,,,,,,,,,,,,,,,,,,,,,,,,,,,,,,,,,,,,,,,,,,,,,,,,,,,,,,,,,,,,,,,,,,,,,,,,,,,,,,,,,,,,,,,,,,,,,,,,,,,,,,,,,,,,,"f�rs�rjning av v�rme och kyla, elpannor och v�rmepumpar, SNI2007 jmf. 35.3",,,,,,,,,,,,,,,,,,,,,,,1721,1634.0,1603.0,1333.0,1793.0,1459.0,1804.0,1474.0,1443.0,1544.0,1288.0,1238.0,1615.0
9,,,,,,,,,,,,,,,,,,,,,,,,,,,,,,,,,,,,,,,,,,,,,,,,,,,,,,,,,,,,,,,,,,,,,,,,,,,,,,,,,,,,,,,,,,,,,,,,,,,,,,,,,,,,,,gatu- och v�gbelysning,,,,,,,,,,,,,,,,,,,,,,,637,746.0,860.0,686.0,686.0,647.0,624.0,638.0,626.0,601.0,568.0,465.0,441.0
10,,,,,,,,,,,,,,,,,,,,,,,,,,,,,,,,,,,,,,,,,,,,,,,,,,,,,,,,,,,,,,,,,,,,,,,,,,,,,,,,,,,,,,,,,,,,,,,,,,,,,,,,,,,,,,"vattenverk och avloppsrening, SNI2007 jmf. 36.001, 36.002",,,,,,,,,,,,,,,,,,,,,,,0,556.0,613.0,523.0,497.0,503.0,523.0,515.0,525.0,484.0,491.0,474.0,462.0
11,,,,,,,,,,,,,,,,,,,,,,,,,,,,,,,,,,,,,,,,,,,,,,,,,,,,,,,,,,,,,,,,,,,,,,,,,,,,,,,,,,,,,,,,,,,,,,,,,,,,,,,,,,,,,,"avfallshantering och renh�llning, SNI2007 jmf. 37, 38, 39",,,,,,,,,,,,,,,,,,,,,,,0,726.0,805.0,787.0,744.0,777.0,737.0,779.0,776.0,799.0,789.0,766.0,783.0
12,,,,,,,,,,,,,,,,,,,,,,,,,,,,,,,,,,,,,,,,,,,,,,,,,,,,,,,,,,,,,,,,,,,,,,,,,,,,,,,,,,,,,,,,,,,,,,,,,,,,,,,,,,,,,,"vattenverk, SNI2007 jmf. 36.001",,,,,,,,,,,,,,,,,,,,,,,572,0.0,0.0,0.0,0.0,0.0,0.0,0.0,0.0,0.0,0.0,0.0,0.0
13,,,,,,,,,,,,,,,,,,,,,,,,,,,,,,,,,,,,,,,,,,,,,,,,,,,,,,,,,,,,,,,,,,,,,,,,,,,,,,,,,,,,,,,,,,,,,,,,,,,,,,,,,,,,,,"avloppsrening, avfallshantering; �tervinning, sanering, SNI2007 jmf. 36.002",,,,,,,,,,,,,,,,,,,,,,,757,0.0,0.0,0.0,0.0,0.0,0.0,0.0,0.0,0.0,0.0,0.0,0.0
14,,,,,,,,,,,,,,,,,,,,,,,,,,,,,,,,,,,,,,,,,,,,,,,,,,,,,,,,,,,,,,,,,,,,,,,,,,,,,,,,,,,,,,,,,,,,,,,,,,,,,,,,,,,,,,"byggverksamhet, SNI2007 jmf. 41-43",,,,,,,,,,,,,,,,,,,,,,,942,1074.0,1207.0,1108.0,1096.0,1120.0,1079.0,1212.0,1337.0,1378.0,1483.0,1451.0,1334.0
15,,,,,,,,,,,,,,,,,,,,,,,,,,,,,,,,,,,,,,,,,,,,,,,,,,,,,,,,,,,,,,,,,,,,,,,,,,,,,,,,,,,,,,,,,,,,,,,,,,,,,,,,,,,,,,"parti- och provisionshandelhandel utom med motorfordon, SNI2007 jmf. 46",,,,,,,,,,,,,,,,,,,,,,,1305,1325.0,1585.0,1555.0,1623.0,1614.0,1574.0,1670.0,1685.0,1614.0,1708.0,1669.0,1589.0
16,,,,,,,,,,,,,,,,,,,,,,,,,,,,,,,,,,,,,,,,,,,,,,,,,,,,,,,,,,,,,,,,,,,,,,,,,,,,,,,,,,,,,,,,,,,,,,,,,,,,,,,,,,,,,,"detaljhandel och Handel samt reparation av motorfordon och motorcyklar, SNI2007 jmf. 45, 47",,,,,,,,,,,,,,,,,,,,,,,4514,4445.0,4213.0,4248.0,4290.0,4210.0,4092.0,4273.0,4355.0,3981.0,3985.0,3782.0,3643.0
17,,,,,,,,,,,,,,,,,,,,,,,,,,,,,,,,,,,,,,,,,,,,,,,,,,,,,,,,,,,,,,,,,,,,,,,,,,,,,,,,,,,,,,,,,,,,,,,,,,,,,,,,,,,,,,"hotell- och restaurangverksamhet, SNI2007 jmf. 55, 56",,,,,,,,,,,,,,,,,,,,,,,1674,1599.0,1665.0,1636.0,1726.0,1740.0,1729.0,1936.0,2020.0,2002.0,2025.0,1975.0,1806.0
18,,,,,,,,,,,,,,,,,,,,,,,,,,,,,,,,,,,,,,,,,,,,,,,,,,,,,,,,,,,,,,,,,,,,,,,,,,,,,,,,,,,,,,,,,,,,,,,,,,,,,,,,,,,,,,"j�rnv�gstransport och kollektivtrafikverksamhet, SNI2007 jmf. 49.1-49.2, 49.31",,,,,,,,,,,,,,,,,,,,,,,2745,2442.0,2405.0,2640.0,2685.0,2750.0,2615.0,2595.0,2664.0,2476.0,2573.0,2483.0,2262.0
19,,,,,,,,,,,,,,,,,,,,,,,,,,,,,,,,,,,,,,,,,,,,,,,,,,,,,,,,,,,,,,,,,,,,,,,,,,,,,,,,,,,,,,,,,,,,,,,,,,,,,,,,,,,,,,"annan typ av transport. Magasinering och st�dtj�nster till transporter, SNI2007 jmf. 49.32-52",,,,,,,,,,,,,,,,,,,,,,,1049,914.0,1016.0,949.0,908.0,984.0,1007.0,896.0,935.0,979.0,986.0,919.0,920.0
20,,,,,,,,,,,,,,,,,,,,,,,,,,,,,,,,,,,,,,,,,,,,,,,,,,,,,,,,,,,,,,,,,,,,,,,,,,,,,,,,,,,,,,,,,,,,,,,,,,,,,,,,,,,,,,"post- och kurirverksamhet, SNI2007 jmf. 53",,,,,,,,,,,,,,,,,,,,,,,867,451.0,264.0,224.0,244.0,233.0,229.0,229.0,215.0,191.0,204.0,209.0,221.0
21,,,,,,,,,,,,,,,,,,,,,,,,,,,,,,,,,,,,,,,,,,,,,,,,,,,,,,,,,,,,,,,,,,,,,,,,,,,,,,,,,,,,,,,,,,,,,,,,,,,,,,,,,,,,,,"Finans- och f�rs�kringsverksamhet, SNI2007 jmf. 64-66",,,,,,,,,,,,,,,,,,,,,,,542,510.0,432.0,483.0,470.0,448.0,424.0,412.0,420.0,334.0,317.0,281.0,271.0
22,,,,,,,,,,,,,,,,,,,,,,,,,,,,,,,,,,,,,,,,,,,,,,,,,,,,,,,,,,,,,,,,,,,,,,,,,,,,,,,,,,,,,,,,,,,,,,,,,,,,,,,,,,,,,,"informations- och kommunikationsverksamhet, SNI2007 jmf. 58-63",,,,,,,,,,,,,,,,,,,,,,,..,494.0,764.0,718.0,727.0,771.0,754.0,930.0,1096.0,1455.0,1663.0,1617.0,1590.0
23,,,,,,,,,,,,,,,,,,,,,,,,,,,,,,,,,,,,,,,,,,,,,,,,,,,,,,,,,,,,,,,,,,,,,,,,,,,,,,,,,,,,,,,,,,,,,,,,,,,,,,,,,,,,,,"reparation och installation av maskiner och apparater, SNI2007 jmf. 33",,,,,,,,,,,,,,,,,,,,,,,..,47.0,68.0,56.0,57.0,55.0,56.0,73.0,75.0,74.0,76.0,85.0,84.0
24,,,,,,,,,,,,,,,,,,,,,,,,,,,,,,,,,,,,,,,,,,,,,,,,,,,,,,,,,,,,,,,,,,,,,,,,,,,,,,,,,,,,,,,,,,,,,,,,,,,,,,,,,,,,,,"fastighetsverksamhet; fastighetsf�rvaltning, -bostadsfastigheter, SNI2007 jmf. 68.2, 68.32 del av",,,,,,,,,,,,,,,,,,,,,,,5536,5910.0,6254.0,6502.0,6870.0,7316.0,6891.0,7609.0,8011.0,8759.0,7069.0,7169.0,6892.0
25,,,,,,,,,,,,,,,,,,,,,,,,,,,,,,,,,,,,,,,,,,,,,,,,,,,,,,,,,,,,,,,,,,,,,,,,,,,,,,,,,,,,,,,,,,,,,,,,,,,,,,,,,,,,,,"fastighetsverksamhet; fastighetsf�rvaltning, -�vriga, SNI2007 jmf. 68.2, 68.32 del av",,,,,,,,,,,,,,,,,,,,,,,4796,5081.0,4178.0,4046.0,3796.0,3772.0,3671.0,3555.0,3545.0,2646.0,4858.0,4312.0,4652.0
26,,,,,,,,,,,,,,,,,,,,,,,,,,,,,,,,,,,,,,,,,,,,,,,,,,,,,,,,,,,,,,,,,,,,,,,,,,,,,,,,,,,,,,,,,,,,,,,,,,,,,,,,,,,,,,"uthyrning , leasing, databehandling o. a. f�retagstj�nster , SNI2007 jmf. 69-71, 73-74, 77-82, 97-98",,,,,,,,,,,,,,,,,,,,,,,1458,1298.0,1472.0,1498.0,1418.0,1542.0,1671.0,1710.0,1775.0,2067.0,1902.0,2515.0,2473.0
27,,,,,,,,,,,,,,,,,,,,,,,,,,,,,,,,,,,,,,,,,,,,,,,,,,,,,,,,,,,,,,,,,,,,,,,,,,,,,,,,,,,,,,,,,,,,,,,,,,,,,,,,,,,,,,"offentlig f�rvaltning och f�rsvar; obligatorisk socialf�rs�kring, SNI2007 jmf. 84",,,,,,,,,,,,,,,,,,,,,,,1077,1004.0,1147.0,1407.0,1479.0,1438.0,1416.0,1390.0,1451.0,1611.0,1667.0,1709.0,1568.0
28,,,,,,,,,,,,,,,,,,,,,,,,,,,,,,,,,,,,,,,,,,,,,,,,,,,,,,,,,,,,,,,,,,,,,,,,,,,,,,,,,,,,,,,,,,,,,,,,,,,,,,,,,,,,,,"utbildning, vetenskaplig forskning och utveckling, SNI2007 jmf. 85, 72",,,,,,,,,,,,,,,,,,,,,,,2590,2548.0,2579.0,2367.0,2290.0,2173.0,2088.0,2151.0,2073.0,2120.0,2145.0,2128.0,2064.0
29,,,,,,,,,,,,,,,,,,,,,,,,,,,,,,,,,,,,,,,,,,,,,,,,,,,,,,,,,,,,,,,,,,,,,,,,,,,,,,,,,,,,,,,,,,,,,,,,,,,,,,,,,,,,,,"h�lso- och sjukv�rd, sociala tj�nster o.d., SNI2007 jmf. 75, 86-88",,,,,,,,,,,,,,,,,,,,,,,3353,2789.0,2939.0,2689.0,2590.0,2637.0,2532.0,2534.0,2606.0,2634.0,2634.0,2443.0,2508.0
30,,,,,,,,,,,,,,,,,,,,,,,,,,,,,,,,,,,,,,,,,,,,,,,,,,,,,,,,,,,,,,,,,,,,,,,,,,,,,,,,,,,,,,,,,,,,,,,,,,,,,,,,,,,,,,"annan serviceverksamhet, SNI2007 jmf. 94-96, 99",,,,,,,,,,,,,,,,,,,,,,,1054,855.0,1141.0,823.0,857.0,793.0,743.0,816.0,793.0,906.0,919.0,915.0,954.0
31,,,,,,,,,,,,,,,,,,,,,,,,,,,,,,,,,,,,,,,,,,,,,,,,,,,,,,,,,,,,,,,,,,,,,,,,,,,,,,,,,,,,,,,,,,,,,,,,,,,,,,,,,,,,,,"kultur, n�je och fritid, SNI2007 jmf. 90-93",,,,,,,,,,,,,,,,,,,,,,,1516,1974.0,1818.0,1402.0,1427.0,1419.0,1376.0,1373.0,1387.0,1418.0,1397.0,1361.0,1248.0
32,,,,,,,,,,,,,,,,,,,,,,,,,,,,,,,,,,,,,,,,,,,,,,,,,,,,,,,,,,,,,,,,,,,,,,,,,,,,,,,,,,,,,,,,,,,,,,,,,,,,,,,,,,,,,,"permanenta bost�der, sm�hus med f�rbrukning �ver 10 000 kWh",,,,,,,,,,,,,,,,,,,,,,,20024,20363.0,23080.0,19529.0,20719.0,20357.0,18931.0,19975.0,21210.0,22563.0,22438.0,21849.0,20934.0
33,,,,,,,,,,,,,,,,,,,,,,,,,,,,,,,,,,,,,,,,,,,,,,,,,,,,,,,,,,,,,,,,,,,,,,,,,,,,,,,,,,,,,,,,,,,,,,,,,,,,,,,,,,,,,,"permanenta bost�der, sm�hus med f�rbrukning h�gst 10 000 kWh",,,,,,,,,,,,,,,,,,,,,,,5144,4498.0,4700.0,4789.0,4919.0,4805.0,4805.0,4722.0,4596.0,4386.0,4292.0,4468.0,4417.0
34,,,,,,,,,,,,,,,,,,,,,,,,,,,,,,,,,,,,,,,,,,,,,,,,,,,,,,,,,,,,,,,,,,,,,,,,,,,,,,,,,,,,,,,,,,,,,,,,,,,,,,,,,,,,,,"permanenta bost�der, flerbostadshus, direktlev. med f�rbrukning �ver 5 000 kWh",,,,,,,,,,,,,,,,,,,,,,,1131,1396.0,1461.0,1737.0,1598.0,1584.0,1363.0,1385.0,1436.0,1098.0,942.0,861.0,911.0
35,,,,,,,,,,,,,,,,,,,,,,,,,,,,,,,,,,,,,,,,,,,,,,,,,,,,,,,,,,,,,,,,,,,,,,,,,,,,,,,,,,,,,,,,,,,,,,,,,,,,,,,,,,,,,,"permanenta bost�der, flerbostadshus, direktlev. med f�rbrukning h�gst 5 000 kWh",,,,,,,,,,,,,,,,,,,,,,,4347,4203.0,4276.0,4321.0,4219.0,4180.0,4193.0,4210.0,4195.0,4140.0,4094.0,4216.0,4090.0
36,,,,,,,,,,,,,,,,,,,,,,,,,,,,,,,,,,,,,,,,,,,,,,,,,,,,,,,,,,,,,,,,,,,,,,,,,,,,,,,,,,,,,,,,,,,,,,,,,,,,,,,,,,,,,,"permanenta bost�der, flerbostadshus, kollektivleveranser",,,,,,,,,,,,,,,,,,,,,,,516,476.0,502.0,577.0,588.0,541.0,493.0,502.0,422.0,777.0,785.0,790.0,791.0
37,,,,,,,,,,,,,,,,,,,,,,,,,,,,,,,,,,,,,,,,,,,,,,,,,,,,,,,,,,,,,,,,,,,,,,,,,,,,,,,,,,,,,,,,,,,,,,,,,,,,,,,,,,,,,,fritidsbost�der,,,,,,,,,,,,,,,,,,,,,,,2320,2998.0,3263.0,2749.0,3043.0,2964.0,2851.0,3047.0,3212.0,3040.0,2979.0,2931.0,2831.0
38,,,,,,,,,,,,,,,,,,,,,,,,,,,,,,,,,,,,,,,,,,,,,,,,,,,,,,,,,,,,,,,,,,,,,,,,,,,,,,,,,,,,,,,,,,,,,,,,,,,,,,,,,,,,,,summa slutlig f�rbrukning inom landet exkl. f�rluster,,,,,,,,,,,,,,,,,,,,,,,133544,128303.0,135178.0,130579.0,131904.0,129192.0,125041.0,126797.0,130095.0,130460.0,130572.0,127372.0,125210.0
39,,,,,,,,,,,,,,,,,,,,,,,,,,,,,,,,,,,,,,,,,,,,,,,,,,,,,,,,,,,,,,,,,,,,,,,,,,,,,,,,,,,,,,,,,,,,,,,,,,,,,,,,,,,,,,stamn�tsf�rluster,,,,,,,,,,,,,,,,,,,,,,,2898,2684.0,2420.0,2522.0,3476.0,2824.0,3087.0,3234.0,3076.0,3423.0,3200.0,3275.0,3909.0
40,,,,,,,,,,,,,,,,,,,,,,,,,,,,,,,,,,,,,,,,,,,,,,,,,,,,,,,,,,,,,,,,,,,,,,,,,,,,,,,,,,,,,,,,,,,,,,,,,,,,,,,,,,,,,,f�rluster exkl stamn�tsf�rluster,,,,,,,,,,,,,,,,,,,,,,,7558,6899.0,9393.0,7194.0,7490.0,7179.0,6205.0,6305.0,7593.0,7606.0,8666.0,8822.0,6782.0
41,,,,,,,,,,,,,,,,,,,,,,,,,,,,,,,,,,,,,,,,,,,,,,,,,,,,,,,,,,,,,,,,,,,,,,,,,,,,,,,,,,,,,,,,,,,,,,,,,,,,,,,,,,,,,,summa slutlig f�rbrukning inom landet inkl. f�rluster,,,,,,,,,,,,,,,,,,,,,,,144000,137886.0,146991.0,140295.0,142870.0,139195.0,134333.0,136336.0,140764.0,141489.0,142438.0,139469.0,135901.0
